26193,automation.manager.czi9@yopmail.com,
26192,automation.manager.ykc2@yopmail.com,
26191,automation.manager.3x66@yopmail.com,
26190,automation.manager.gn7p@yopmail.com,
26189,automation.manager.rbbi@yopmail.com,
26188,automation.manager.m6yz@yopmail.com,
26187,automation.manager.fynt@yopmail.com,
26186,automation.manager.7193@yopmail.com,
26185,automation.manager.mkhm@yopmail.com,
26183,automation.manager.d7ui@yopmail.com,
26182,automation.manager.mukq@yopmail.com,
26181,automation.manager.ugyo@yopmail.com,
26180,automation.manager.12ix@yopmail.com,
26179,automation.manager.09s9@yopmail.com,
26178,automation.manager.mhvd@yopmail.com,
26177,automation.manager.okdu@yopmail.com,
26176,automation.manager.fpy9@yopmail.com,
26175,automation.manager.rioh@yopmail.com,
26174,automation.manager.3qo0@yopmail.com,
26173,automation.manager.3ilv6@yopmail.com,
26172,automation.manager.3ilv5@yopmail.com,
26171,automation.manager.3ilv4@yopmail.com,
26170,automation.manager.3ilv3@yopmail.com,
26168,automation.manager.3ilv2@yopmail.com,
26167,automation.manager.3ilv1@yopmail.com,
