64,automationtest1-1ic63@yopmail.com,
63,automationtest1-y3k6v@yopmail.com,
62,automationtest1-4buoh@yopmail.com,
61,automationtest1-7uq7y@yopmail.com,
60,automationtest1-m98sg@yopmail.com,
59,automationtest1-j05rk@yopmail.com,
58,automationtest1-o6i2c@yopmail.com,
57,automationtest1-7d8q4@yopmail.com,
56,automationtest1-ls49p@yopmail.com,
55,automationtest1-ud0w1@yopmail.com,
54,automationtest1-957ri@yopmail.com,
53,automationtest1-9dppu@yopmail.com,
52,automationtest1-3jk1i@yopmail.com,
51,automationtest1-bb60j@yopmail.com,
50,automationtest1-2jdm9@yopmail.com,
49,automationtest1-vjm55@yopmail.com,
48,automationtest1-90uc4@yopmail.com,
47,automationtest1-ux288@yopmail.com,
46,automationtest1-i4nd3@yopmail.com,
45,automationtest1-s2j33@yopmail.com,
44,automationtest1-0n856@yopmail.com,
43,automationtest1-58ayc@yopmail.com,
42,automationtest1-lmh04@yopmail.com,
41,automationtest1-208ke@yopmail.com,
40,automationtest1-wi1qq@yopmail.com,
39,automationtest1-y1zh4@yopmail.com,
38,automationtest1-6g556@yopmail.com,
37,automationtest1-t4nnb@yopmail.com,
36,automationtest1-64f79@yopmail.com,
35,automationtest1-1dqbe@yopmail.com,
34,automationtest1-es85m@yopmail.com,
33,automationtest1-rr78s@yopmail.com,
32,automationtest1-8a12x@yopmail.com,
31,automationtest1-ivm3z@yopmail.com,
30,automationtest1-l13g2@yopmail.com,
29,automationtest1-n09f7@yopmail.com,
28,automationtest1-810d4@yopmail.com,
27,automationtest1-75ygc@yopmail.com,
26,automationtest1-c0ip5@yopmail.com,
25,automationtest1-65i4m@yopmail.com,
24,automationtest1-7b9dr@yopmail.com,
23,automationtest1-g8c8k@yopmail.com,
22,automationtest1-6jjww@yopmail.com,
21,automationtest1-4bwc7@yopmail.com,
20,automationtest1-y9esb@yopmail.com,
19,automationtest1-05x86@yopmail.com,
18,automationtest1-88cuk@yopmail.com,
17,automationtest1-09xb5@yopmail.com,
16,automationtest1-5x35f@yopmail.com,
15,automationtest1-u8q2z@yopmail.com,
