26193,106500,automation.manager.czi9@yopmail.com,
26192,101994,automation.manager.ykc2@yopmail.com,
26191,102434,automation.manager.3x66@yopmail.com,
26190,104624,automation.manager.gn7p@yopmail.com,
26189,102155,automation.manager.rbbi@yopmail.com,
26188,100303,automation.manager.m6yz@yopmail.com,
26187,101094,automation.manager.fynt@yopmail.com,
26186,103945,automation.manager.7193@yopmail.com,
26185,104589,automation.manager.mkhm@yopmail.com,
26183,108762,automation.manager.d7ui@yopmail.com,
26182,103935,automation.manager.mukq@yopmail.com,
26181,107649,automation.manager.ugyo@yopmail.com,
26180,100511,automation.manager.12ix@yopmail.com,
26179,105985,automation.manager.09s9@yopmail.com,
26178,101103,automation.manager.mhvd@yopmail.com,
26177,101926,automation.manager.okdu@yopmail.com,
26176,101606,automation.manager.fpy9@yopmail.com,
26175,107889,automation.manager.rioh@yopmail.com,
26174,103999,automation.manager.3qo0@yopmail.com,
26173,100798,automation.manager.3ilv6@yopmail.com,
26172,101704,automation.manager.3ilv5@yopmail.com,
26171,103568,automation.manager.3ilv4@yopmail.com,
26170,100561,automation.manager.3ilv3@yopmail.com,
26168,106179,automation.manager.3ilv2@yopmail.com,
26167,108068,automation.manager.3ilv1@yopmail.com,
