26271,114949,auto.manager.s1.usogg@yopmail.com,25344,autos1ov-fvjs-oqq7-zdqt-dnj59at9ub,autos1_3x587rl7fcepix5jho3lbhagq889h6cjyfjna4o5kbpb1sxcufs712h,
26272,066042,auto.manager.s1.b37na@yopmail.com,25344,autos1si-59zq-btha-hzys-6pmt1sgutm,autos1_l8d3fod4uge5qwyh0pobtrzid5r4c4uemb1y01qpxbalabcxxyc8wq6,
26273,197737,auto.manager.s1.0xctf@yopmail.com,25344,autos17f-lsr7-ox7u-npnb-nuttiidwmi,autos1_56h2v5nkzzqbsuglkal4dbg0hlrv53v5zaz21ld1ucw7a82dic6mcry,
26274,152440,auto.manager.s1.jxelq@yopmail.com,25344,autos1vd-ih2s-h9rr-qpea-5aitq3l35d,autos1_5lvl49abvksnulhf1g7haica4k81oc1j4p5rpmtf2plgwm06whb31io,
26275,060570,auto.manager.s1.rrmad@yopmail.com,25344,autos1ov-wz0e-81dg-rkyi-hcqq3aa7rv,autos1_5zf74s4z88t2b47llr42d55pqwvcd1bo9jvsh4l5kj9rbkoytjdzzmk,
26276,079855,auto.manager.s1.vpsdq@yopmail.com,25344,autos1ka-ds87-xj0p-vjiz-ft0vxukolu,autos1_4c94oobwr66sneud1iq9t0249lx088n9w11vvow6w312kh79mphq5j1,
26277,857457,auto.manager.s1.nman8@yopmail.com,25344,autos1hi-z4kt-pseq-nbkc-fl3iazan1a,autos1_fo940yuog9nmd25cz1kv31t2puusqvmet8snh4wjhshmgq8qlptr6pi,
26278,270750,auto.manager.s1.5zi3u@yopmail.com,25344,autos1gy-bcv0-ofjr-tbvx-82wf1ydzzd,autos1_1iqq88ku8l9u8k6uqujpc8dcd0x6g66y942zpi7z1q7973ba2b82g37,
26279,141533,auto.manager.s1.2ond0@yopmail.com,25344,autos176-mt6g-6l4a-rrvz-w5fzj6nl54,autos1_2zcrzyvuy8zgc659t0l9ni9w8epnh58mbtm5cwg2zarg6bkoj5owtak,
26280,977779,auto.manager.s1.qz19r@yopmail.com,25344,autos1ze-yope-glh3-hlot-i1lgny6lxq,autos1_hr4zi9rui6h2vda938o7ep0padgvqyi3tvei42jyi9oytkne623s9y2,
26281,188770,auto.manager.s1.t14v7@yopmail.com,25344,autos14i-ht2v-0ppx-djmc-mkqazh4c2s,autos1_g4y2sn918ybcsawrfqxw5z7kepvervy8o8pwamv7ilvg6jx67mght7w,
26282,128827,auto.manager.s1.qvmrj@yopmail.com,25344,autos1xj-b0vp-ry6y-roac-vya8wqj3ys,autos1_zvq7foxooh3tj199t8baodmmfk3zgrl9uo840dutc5mag9oli1el62u,
26283,698141,auto.manager.s1.ixx5b@yopmail.com,25344,autos1te-8y4o-a2ue-menc-k0v0dm28qp,autos1_qaljaa5xh3y4hc1y229ib71jo7z2lrbksvflvu5gh3l0xy3jxd1r829,
26284,248157,auto.manager.s1.gbra0@yopmail.com,25344,autos10a-8tyj-e88d-sprz-lcgddmwpwx,autos1_5ihitwsiujtdy8h09gek8n96x4nf83xqddn943hi6nauk5fvyguw9pa,
26285,364178,auto.manager.s1.yhnb1@yopmail.com,25344,autos1ft-ku11-bckq-hkoq-b1zg48v9yn,autos1_ylg7h2nur13sc74bwqjaxhmmfqfk9nebxqvr3mqcfhf8n4h2rxjardc,
26286,054092,auto.manager.s1.cjk76@yopmail.com,25344,autos1qc-itkv-9kr9-jzep-iu9ra9kibu,autos1_ubbj4kt0sm453ilbtbr6pobk0niiygie3fvzefjpnnwlzvx8mafvd11,
26287,571770,auto.manager.s1.hf361@yopmail.com,25344,autos1vv-7b2p-fjc4-glcu-1xb00ogj9l,autos1_fbsajx5tczmyx0qu88a89m2tbu9m3lg4mqe0tqd6jhf7wjmpbml3mbh,
26288,382854,auto.manager.s1.d8aam@yopmail.com,25344,autos1el-ml7x-ruf1-edcv-gaqoktoc6c,autos1_fixogintnj5z5jnl3hzim8slgcneav3br1bi8k5lw88g5r55n281df7,
26289,976883,auto.manager.s1.9lssq@yopmail.com,25344,autos1kx-sos6-suwj-uqun-3t8yt70dak,autos1_i7uv35ualwikyovv8nzo2jkh2gasx6j6n4anwa9a9qtbnwcrpwn0t7p,
26290,948375,auto.manager.s1.axkyh@yopmail.com,25344,autos14c-nr6i-b5hn-vxii-aroefwerm8,autos1_umyc0j629jqulzp6cz64x5zg9a5q3u2dtue6jgomj79rjgbjctvla9u,
