64,105909,automationtest1-1ic63@yopmail.com,autoi357-v0ww-j07n-ycic-g4hau9e6h4r4,auto_i3jarrjy8flxchtapp0ukqgrxbtfuy0no94nwsalpchjfcklx0x4khbeh32le
63,108276,automationtest1-y3k6v@yopmail.com,autoi343-t62x-bukb-wvdg-hkcbyh7vmtjv,auto_i3a25r2r0znpvjkot9u6u461aftbtm5nyhi4rirbbvqnjs2swu0w3n5m8luec
62,106088,automationtest1-4buoh@yopmail.com,autoi361-rppj-w84s-fgfx-9zq8nud9pcti,auto_i3jphv4uvwr0cyutl53821uybknxn37fcq3787zub4l55h7wtbx1lxinvky2y
61,107114,automationtest1-7uq7y@yopmail.com,autoi383-87da-4yon-wfbt-yt3g2ah3gdci,auto_i3l0puhomdibhxsz9e4hnshucstjqhaxbpsw314f3usverc3r2es2gjmabunw
60,107427,automationtest1-m98sg@yopmail.com,autoi338-xhsd-j17p-cdmi-zdspmjlbduch,auto_i3umtr7p9jv6r0i8htakoibwua8wdkr3waar2hhz4qevt4p5qw0e3e0ouiyfg
59,106557,automationtest1-j05rk@yopmail.com,autoi348-hjyi-2yty-tqzo-7dq8zg6agtrf,auto_i309q67no6zuhyc46a9xp75m83hetragd3ca1zzbz06l5z50hycuonvxjvtyu
58,103597,automationtest1-o6i2c@yopmail.com,autoi382-zbep-gx5k-kymw-gq8x0omaf4w0,auto_i31v3xme17epntijw9mgbo8212rqryb35nk83qzu8gvnrij0guisfsviiuz2d
57,101979,automationtest1-7d8q4@yopmail.com,autoi304-c3w5-avvt-ektr-l9pnxtvjbxw0,auto_i325aqxqc73csg6ndv7ywsqias2nfvsroxjsdi1ebhqceyiw9kl8d373k0wje
56,102819,automationtest1-ls49p@yopmail.com,autoi304-9fd4-by12-jdhc-r3n7jydrnwqe,auto_i3tnkrp3fe746s2lw59j628bx7jrjwgkbyp43ftxlrebuouc9sh06ncbknq7e
55,103795,automationtest1-ud0w1@yopmail.com,autoi313-ranu-k0bt-nnte-tn9wm56ha1sj,auto_i3dm1rfcizw5vdk8tt4spvdw968nl78p15m5nqbjexxlabufus1ilati1oc2a
54,102120,automationtest1-957ri@yopmail.com,autoi326-ghe7-eznp-itxk-71oeujobyh05,auto_i3zglylqz1xbqkpkkxxtbkksi62209wkj0h42az30wxs5uquxg95etlp08ka7
53,106327,automationtest1-9dppu@yopmail.com,autoi371-u34x-747y-gnqs-0vblyrkch2vo,auto_i36z2r305fl9cyp08vnls9hzosr7b9uh6n9u1nto5wvdbgfv44icuwkdbd8c9
52,106985,automationtest1-3jk1i@yopmail.com,autoi347-c01u-de7t-ixar-ldba4sk9qhr7,auto_i3hw4bgccbdmcjcdwscrw1ewuzgcp68yzzhazygqrjnlembj7w0g2wpqof3wm
51,103699,automationtest1-bb60j@yopmail.com,autoi332-j61t-m7aj-cjnz-c2i6qxdbia1p,auto_i33sirh1taltng2t84y9po5nkgi5z6uhxxnilev3wusen4xl5l5i2u00tk9es
50,105585,automationtest1-2jdm9@yopmail.com,autoi388-lnjo-h3qq-vmpd-m5hfgiqe7vwl,auto_i3d9z1fhwr4m9dz0qwvb6vwggz4zl2gx09o583cpfmglkb7fee9augo2vi04o
49,108255,automationtest1-vjm55@yopmail.com,autoi369-z1cf-0awt-ioig-ux9pwhaprphf,auto_i3fzfl65elim455v0hsxfx8ka18cq4rye8a36zr9luyd2y7mp93gpp8trvdsu
48,106832,automationtest1-90uc4@yopmail.com,autoi327-50ez-lppp-japh-2u23ph3asblk,auto_i3or9bzyt4x1il5fbb72ew6lvhhtjq1vjnvqg6co7aynl9xzpp4zp6a7k3774
47,108640,automationtest1-ux288@yopmail.com,autoi398-mh8w-3mfg-zqtj-d2zapbn0bkk3,auto_i30bjhxj64ialpo7d2uxen0rlm8xxes666puk89zmayg6jik5bqn7rfk2rhg7
46,106560,automationtest1-i4nd3@yopmail.com,autoi351-13vm-upuf-fslq-0sg5l4tmphlw,auto_i38aq5g4kweg6h5phhb4x9k60xj60ghbqvnz2a09vqnpqwkvesiqodn4axdaz
45,101512,automationtest1-s2j33@yopmail.com,autoi366-sut3-fmpk-pdne-tkcu4yaas9gj,auto_i3z7c3zb65y7ypgkclds6kje0w79i25109cfw7s6vl7mvwn8obr5uy1wp4i8k
44,100669,automationtest1-0n856@yopmail.com,autoi365-84or-1bi8-sytw-ylodw24kryeq,auto_i38w5swxb5xoujrgg0iqxs2lol72i5uoc81g3d3wl3w7s5olx7p5dtj082xy3
43,102394,automationtest1-58ayc@yopmail.com,autoi343-pln4-fg38-hfqa-c1vtr3yticxx,auto_i3km1gwocm7g8bueun1apyxl5mp5b8slh23skkux8x5q7auc8dyc8hm2627uz
42,107605,automationtest1-lmh04@yopmail.com,autoi383-p7ln-1bm2-fwxw-82is3fngbcp1,auto_i3uoe0q0he3z42uyi2khnyddyr85nvo6jkq10fxpzgq7e7e87c7jeztovdbai
41,102062,automationtest1-208ke@yopmail.com,autoi301-8d3s-4fgg-aocl-iyhtgaspnr3o,auto_i3h8vkwnbm2ai1yr2m1kmcpd51lwcm9yliwmd5c5hzguuq40kv6u8v16gu7sk
40,107930,automationtest1-wi1qq@yopmail.com,autoi373-npxu-m4v7-okpg-lgyu5c5qf0kf,auto_i30plvxts382wd0nbdre707eognwre4ug9r6xb6p3csb3n4qxovdb7u2la9mm
39,106107,automationtest1-y1zh4@yopmail.com,autoi355-651q-hlx3-sgqr-2zpywtnwvh2w,auto_i3rwq0xsdtlhr58r20xr6ipdbtjfk5513v7eleve0x95uwr2wty2fs5l9z5y3
38,102235,automationtest1-6g556@yopmail.com,autoi369-hkcv-kg50-dafo-gx2akjnkbokw,auto_i30pz83zfqr43ebmzwh7fp4yrxvbrkq3taqfhtz8xtn1qg1teoqsh6p5jdxiq
37,102571,automationtest1-t4nnb@yopmail.com,autoi368-3v42-39jg-cefv-njhbcch6jnwz,auto_i3rn99yxd7wi87vz547ciyrlj1q2elnm4bd2o3fb72ztzv13io50t1x00j884
36,104345,automationtest1-64f79@yopmail.com,autoi351-bpvl-yl6m-zqne-omrv00g2ttj7,auto_i3q9ags7bbtkwr8oow1autqwr6xs8w27yo7a14ji4p090fvfv49plvwmh2jct
35,102427,automationtest1-1dqbe@yopmail.com,autoi373-idi1-qbyz-vzzc-umdz9qb1trhb,auto_i3se46r64okz2zkanrja1ytlft9h4rs1h5pa7mttjfrqeb8wb2qwg3zk43h1u
34,101807,automationtest1-es85m@yopmail.com,autoi316-yog7-xh1l-dkby-2mkjxldadz03,auto_i3mr9x8fv5u8c8ghwvyyc6din3u6izoxgfzmcbq776e9yzj62z2guxtyeztfp
33,101798,automationtest1-rr78s@yopmail.com,autoi326-cz37-i3ug-vzdq-eq0y9crapho8,auto_i3wuf97exim84rb8ni77pfo46six8riuouxjstpza85z0nd7ftp1l6zvthlia
32,101288,automationtest1-8a12x@yopmail.com,autoi368-c6no-7eot-mmdl-8zkalykoqgsh,auto_i35qzsz7o9dkkbs5xa7jtg46ln66gqfr07pzvkas8h1rkhzt9rdp72s3tw3da
31,108316,automationtest1-ivm3z@yopmail.com,autoi348-41ho-1efl-ojhd-7o6iddaxoply,auto_i3lpo06795prgb0nygcao33jhfiiox7j4xxusj91o1y0jwkp84rl037l9bw7h
30,102791,automationtest1-l13g2@yopmail.com,autoi308-0hdz-bnm6-cxhq-fgyngz0h92po,auto_i3rfsi6hs3jxa4dqb0qxpodqxt0iqv5lcj1aoi2q7a2ll5yhwjepeyruwfucp
29,102601,automationtest1-n09f7@yopmail.com,autoi379-goyo-ah29-najz-77fing9gnb0c,auto_i37t7jjs22vb6q0zfrvh2zl9ps9y2mmaosoy5hrpksj1bfbjur6h9ni670f2m
28,104924,automationtest1-810d4@yopmail.com,autoi385-l8zx-klo8-ypvk-ngj0jncvfcwg,auto_i3u947mk8ra6rlxv0q5h70bsr5xxae5cqjv8kv9dwgi41jh6y94obvxfhr7st
27,103199,automationtest1-75ygc@yopmail.com,autoi310-2uv7-7v0i-vhfw-iyxzyfe9ag82,auto_i35kgvovehv92kqpzzfr7fca9vo5voq5lzjgbtcgdslgzafk5myrwxif51r6h
26,106783,automationtest1-c0ip5@yopmail.com,autoi353-y3a9-o9kl-zhgy-fnewbr35ebiz,auto_i3i9lq6eg6sltj04kykagn19uuywecnik1e6n4muyww9pz36pzagkgouwsl2k
25,105012,automationtest1-65i4m@yopmail.com,autoi374-564w-mslz-gsdd-vmk0geshzxc7,auto_i34t0323hy9k9ulbdbuq2i1a27b9kappd99y515bkwjnllsi3x2ildj5xbjau
24,107944,automationtest1-7b9dr@yopmail.com,autoi378-f0bs-4a2p-vahf-cncytcl3izjt,auto_i3avh2wo93u5ey4hlegm2hijjs41tkurxcykhengrytgbq18onk2kwqkygdwe
23,108751,automationtest1-g8c8k@yopmail.com,autoi317-rdiq-8zue-vcxw-sgqvn7qelh0y,auto_i3qe89khzla87d8hlov0n8g1ny7t2tzwuas4vn92fv0t7j6jm3hkl5kn56sb3
22,105309,automationtest1-6jjww@yopmail.com,autoi315-vb1i-ja6w-zgkc-s7959gd2v7a7,auto_i3mpldtgq7zp7glcmeaw1lgqy2zmcrlr9k35ed3y3b9garwbg8a00inbvj629
21,107662,automationtest1-4bwc7@yopmail.com,autoi329-lzw8-1i2n-nmpl-wd3gvcbk3rjn,auto_i32s19e0p0nx167s51qomsk1ucqjl1atbipvjpyhlm7o029ozwe69s2txkcny
20,108150,automationtest1-y9esb@yopmail.com,autoi339-bzdu-w3cz-rcdy-2yhe401cvxyp,auto_i3kdp4zmm4szf9799x34gt33ffk9lcz7doe615dcci04ctjo2irww1q4ozb94
19,102772,automationtest1-05x86@yopmail.com,autoi316-3i9v-yttw-jlpy-hp4km8rh5uu5,auto_i3q03lm76j1fbx27r2xi3ywm48k8oc6b02wdrld8z9rznw6vx4otqvz1mocxr
18,105933,automationtest1-88cuk@yopmail.com,autoi343-cu41-emqj-gxso-es7v0i92er7z,auto_i3wsxtnk1n9hti55jbjexpkau1h35ssajokiuk24882wnfbtlvmayazud37pr
17,106604,automationtest1-09xb5@yopmail.com,autoi366-qeyh-kos4-vceo-dha6v6dht9if,auto_i37yytflzra7nmoztuj7m7ztxtrg21wtflo8yfb6e81sn5bap7n03k4erbvu2
16,106851,automationtest1-5x35f@yopmail.com,autoi346-ueds-t8jh-tqag-ww1d0a4ikqfs,auto_i369qg1lhd7dpri2uduk3it5kk5tgpk3ca3sia5ega2itdhoxfw15a9vlxwd6
15,107372,automationtest1-u8q2z@yopmail.com,autoi315-lxm7-skhl-caij-ev2e4txwsqp4,auto_i3yo1ij0tko3mdq378hk2jfnhg42okainkijpzo8vki0rsee0adkcshkrabdh
