00000000-5783-1f4a-ffff-ffffdf0dc197,
ffffffff-c9ce-4978-ffff-ffffe0a0a920,
495B93C7-C730-4B4F-B4B9-9231F3E0D234,
autoys76-ialw-r400-jcyb-4izhsybknhlb,
autocldb-twt5-mfif-hsce-izaetrxrdzo5,
auto6t8y-3h07-35j7-lfqf-idx67757o6pg,
autops8y-9ar2-w3rj-yfrk-12p1qwuqyrpq,
autou2gl-z1x8-lj53-zoyt-hel8z2ww50xr,
autooxf8-jfz9-2jl5-kprg-4cxhrkv6kjus,
autoh8o0-e0om-xxa7-ucos-7tpc8a8xj1me,
auto8clv-pcv0-vxlf-vpmo-jcfa47ft60od,
auto0cpr-6v4l-lfqu-cllw-8vmv9e0nouew,
auto1s1v-qclg-cuww-gbmy-71afvj5e5ri6,
autof8e1-axyv-t6ma-vnuc-pa72jvcle8ei,
autoheki-itgg-49em-soav-kol6mqsyfbxo,
autoqx1u-iagd-7ayk-ncat-cci66y7gb1u6,
auto1gb2-u2ak-h8jl-tonr-x2rn2tjtocno,
auto4bo0-0izq-69zw-emvv-osfexolhpnyn,
autoep4b-p3uk-r96m-sykx-0bwm0np99iav,
autowyiy-a85v-2mem-rind-ajmytk8an0zz,
autouzug-g0k8-1e8i-xtnb-r3z1g9u2u74n,
autoad20-a1lh-csa2-tibo-gch4xyf78h5i,
auto04st-689n-ybm5-isqv-vy6l4e6ueu1z,
autoa0zf-f6za-j0z2-tmvd-rfonvfygkk44,
00000000-27b0-fa50-ffff-ffffe6b7c778,
64085DDE-10E5-4C7E-BA69-E94A202028A0,
automation-c2f9-BC8P1Q-anhflower-0000f1244269,
automation-c2f9-BC8P1Q-anhflower-0000f1244268,
automation-c2f9-BC8P1Q-anhflower-0000f1244267,
automation-c2f9-BC8P1Q-anhflower-0000f1244266,
automation-c2f9-BC8P1Q-anhflower-0000f1244265,
automation-c2f9-BC8P1Q-anhflower-0000f1244264,
automation-c2f9-BC8P1Q-anhflower-0000f1244263,
automation-c2f9-BC8P1Q-anhflower-0000f1244262,
automation-c2f9-BC8P1Q-anhflower-0000f1244261,
automation-c2f9-BC8P1Q-anhflower-0000f1244260,
automation-c2f9-BC8P1Q-anhflower-0000f1244259,
automation-c2f9-BC8P1Q-anhflower-0000f1244258,
automation-c2f9-BC8P1Q-anhflower-0000f1244257,
automation-c2f9-BC8P1Q-anhflower-0000f1244256,
automation-c2f9-BC8P1Q-anhflower-0000f1244255,
automation-c2f9-BC8P1Q-anhflower-0000f1244254,
automation-c2f9-BC8P1Q-anhflower-0000f1244253,
automation-c2f9-BC8P1Q-anhflower-0000f1244252,
automation-c2f9-BC8P1Q-anhflower-0000f1244251,
automation-c2f9-BC8P1Q-anhflower-0000f1244250,
automation-c2f9-BC8P1Q-anhflower-0000f1244249,
automation-c2f9-BC8P1Q-anhflower-0000f1244248,
automation-c2f9-BC8P1Q-anhflower-0000f1244247,
automation-c2f9-BC8P1Q-anhflower-0000f1244246,
automation-c2f9-BC8P1Q-anhflower-0000f1244245,
automation-c2f9-BC8P1Q-anhflower-0000f1244244,
automation-c2f9-BC8P1Q-anhflower-0000f1244243,
automation-c2f9-BC8P1Q-anhflower-0000f1244242,
automation-c2f9-BC8P1Q-anhflower-0000f1244241,
automation-c2f9-BC8P1Q-anhflower-0000f1244240,
automation-c2f9-BC8P1Q-anhflower-0000f1244239,
automation-c2f9-BC8P1Q-anhflower-0000f1244238,
automation-c2f9-BC8P1Q-anhflower-0000f1244237,
automation-c2f9-BC8P1Q-anhflower-0000f1244236,
automation-c2f9-BC8P1Q-anhflower-0000f1244235,
automation-c2f9-BC8P1Q-anhflower-0000f1244234,
automation-c2f9-BC8P1Q-anhflower-0000f1244233,
automation-c2f9-BC8P1Q-anhflower-0000f1244232,
automation-c2f9-BC8P1Q-anhflower-0000f1244231,
automation-c2f9-BC8P1Q-anhflower-0000f1244230,
automation-c2f9-BC8P1Q-anhflower-0000f1244229,
automation-c2f9-BC8P1Q-anhflower-0000f1244228,
automation-c2f9-BC8P1Q-anhflower-0000f1244227,
automation-c2f9-BC8P1Q-anhflower-0000f1244226,
automation-c2f9-BC8P1Q-anhflower-0000f1244225,
automation-c2f9-BC8P1Q-anhflower-0000f1244224,
automation-c2f9-BC8P1Q-anhflower-0000f1244223,
automation-c2f9-BC8P1Q-anhflower-0000f1244222,
00000000-5781-4dd1-ffff-ffffd63d4856,
0F19F36A-6F1E-4A22-A69C-FAA5C104E0CE,
3ED16DF6-EBD5-4456-A6D2-A90DF3E17544,
ffffffff-c0f8-4e30-ffff-ffffe6d072d2,
5DB54765-4027-4E3D-83AE-993B9FDFA279,
26144775-1749-4FBA-A01E-99E44DC8B1FD,
DB03DD11-571B-49CE-8622-098230C1583B,
ffffffff-8885-59d3-ffff-ffff961f0f39,
47A68E47-D4F4-4099-8D42-D6B959CDC1A8,
CC50EFA9-89E1-484D-A428-2234617EFD65,
B7519E78-945F-4195-8E9D-A707D649A5DD,
C4FB20F6-E491-4998-ACFF-58A7B21F2A24,
D92D4C80-F2BA-4EC6-9DA9-1F82A87E8C76,
ffffffff-c81a-55f6-0000-00006e4481ef,
4D313F16-411F-46B2-BBF3-187116D8C629,
A05C651E-11D2-43D8-A072-23D8F350DF1B,
C8EF2D29-9C9F-4641-A498-CAA160B44449,
8A90B7A0-346E-406E-B471-72214DEE0A33,
296E99C3-3F13-4BE5-AA28-6F8EEB40BAAB,
2A23F292-E3A5-435D-820F-370DDEF06F92,
5EF2D29D-0A47-4A8C-B927-CE4D04786455,
031D8264-B169-4726-9036-326F9455B778,
DCE8F5E8-9BCB-452D-AD2D-AC81718BAF8B,
8D1CECC4-EE36-4034-9C06-4EF3CE03DAA6,
C96A9730-C50C-4A4D-B211-37CB3C061A0A,
6E9D3950-BA47-4478-B22F-543386144E67,
