774,automation.manager.8a1x@yopmail.com,
773,automation.manager.g5c8@yopmail.com,
772,automation.manager.jkl8@yopmail.com,
771,automation.manager.013z@yopmail.com,
770,automation.manager.7fzd@yopmail.com,
769,automation.manager.m74x@yopmail.com,
768,automation.manager.1f5r@yopmail.com,
767,automation.manager.2rfh@yopmail.com,
766,automation.manager.tzty@yopmail.com,
765,automation.manager.3k8u@yopmail.com,
764,automation.manager.xxyd@yopmail.com,
763,automation.manager.swjw@yopmail.com,
762,automation.manager.rct1@yopmail.com,
761,automation.manager.8d59@yopmail.com,
760,automation.manager.pbyj@yopmail.com,
759,automation.manager.5jul@yopmail.com,
758,automation.manager.elna@yopmail.com,
757,automation.manager.46cx@yopmail.com,
756,automation.manager.tnip@yopmail.com,
755,automation.manager.5xfb@yopmail.com,
754,automation.manager.taii@yopmail.com,
753,automation.manager.xsf8@yopmail.com,
752,automation.manager.gr2a@yopmail.com,
751,automation.manager.m13j@yopmail.com,
750,automation.manager.zj3a@yopmail.com,
749,automation.manager.gv23@yopmail.com,
748,automation.manager.3o8i@yopmail.com,
747,automation.manager.5dp0@yopmail.com,
746,automation.manager.bxni@yopmail.com,
745,automation.manager.secz@yopmail.com,
744,automation.manager.h9ne@yopmail.com,
743,automation.manager.5j1x@yopmail.com,
742,automation.manager.r1c9@yopmail.com,
741,automation.manager.nwm3@yopmail.com,
740,automation.manager.j89k@yopmail.com,
739,automation.manager.h81j@yopmail.com,
738,automation.manager.3vrr@yopmail.com,
737,automation.manager.s2ck@yopmail.com,
736,automation.manager.uj0n@yopmail.com,
735,automation.manager.2v54@yopmail.com,
734,automation.manager.7jsb@yopmail.com,
733,automation.manager.ti7v@yopmail.com,
732,automation.manager.6fjt@yopmail.com,
731,automation.manager.tgus@yopmail.com,
730,automation.manager.0xue@yopmail.com,
729,automation.manager.0f5x@yopmail.com,
728,automation.manager.u3ke@yopmail.com,
727,automation.manager.rlf7@yopmail.com,
726,automation.manager.5tn8@yopmail.com,
725,automation.manager.ga3h@yopmail.com,
724,automation.manager.ga3g@yopmail.com,
723,automation.manager.t0u7@yopmail.com,
722,automation.manager.3sz3@yopmail.com,
721,automation.manager.2wih@yopmail.com,
720,automation.manager.psju@yopmail.com,
719,automation.manager.5gyu@yopmail.com,
718,automation.manager.14l2@yopmail.com,
717,automation.manager.q9fo@yopmail.com,
716,automation.manager.ghvb@yopmail.com,
715,automation.manager.wy4d@yopmail.com,
714,automation.manager.yf96@yopmail.com,
713,automation.manager.ovtr@yopmail.com,
712,automation.manager.z5pb@yopmail.com,
711,automation.manager.okvb@yopmail.com,
710,automation.manager.sxxw@yopmail.com,
709,automation.manager.p5wm@yopmail.com,
708,automation.manager.x9rc@yopmail.com,
707,automation.manager.ayz2@yopmail.com,
706,automation.manager.1i8i@yopmail.com,
705,automation.manager.iuym@yopmail.com,
704,automation.manager.69rv@yopmail.com,
703,automation.manager.ao8j@yopmail.com,
702,automation.manager.kpk7@yopmail.com,
701,automation.manager.82jt@yopmail.com,
700,automation.manager.xt6z@yopmail.com,
699,automation.manager.6uwf@yopmail.com,
698,automation.manager.y9ei@yopmail.com,
697,automation.manager.9el3@yopmail.com,
696,automation.manager.1o1f@yopmail.com,
695,automation.manager.21pu@yopmail.com,
694,automation.manager.92ny@yopmail.com,
693,aaaaaa@yopmail.com,
692,aaaaa@yopmail.com,
691,aaaa@yopmail.com,
690,a@yopmail.comm,
689,automation.manager.d5q6@yopmail.com,
688,automation.manager.08dh@yopmail.com,
687,automation.manager.qb60@yopmail.com,
686,automation.manager.ao36@yopmail.com,
685,automation.manager.017t@yopmail.com,
684,automation.manager.3e2e@yopmail.com,
683,{{email}},
682,automation.manager.gywd@yopmail.com,
681,automation.manager.wie9@yopmail.com,
680,automation.manager.6ygh@yopmail.com,
679,automation.manager.vkwl@yopmail.com,
678,automation.manager.vbo7@yopmail.com,
677,automation.manager.cofo@yopmail.com,
676,automation.manager.gugh@yopmail.com,
675,automation.manager.jx43@yopmail.com,
674,automation.manager.a2eo@yopmail.com,
673,automation.manager.9ku6@yopmail.com,
672,automation.manager.lmk1@yopmail.com,
671,automation.manager.vsyw@yopmail.com,
670,auto-manager-abc@yopmail.com,
