26193,111111,automation.manager.czi9@yopmail.com,25344,72518729-3zsc-ve8z-tvhb-zpf3su64rste,auto79ui6parfh63ulef8n0s3ko10by1p58s1xy72dcsvz83m9vo4huj6wxbpo8wh1,
26192,111111,automation.manager.ykc2@yopmail.com,25344,57397796-2blw-hetq-ltaw-pl0bdtq8d1dj,autoirs8c7eo6j79u64jf71qwv8nfnwbgw72wodvf0w171o5wmw6l5n415mirqtjhx,
26191,111111,automation.manager.3x66@yopmail.com,25344,01432071-8hx1-090h-rxpb-mvkkl68t73co,auto5uz2lxw1isqa09smh34a85enkywsyezt90ev6gdgnm6o9a60y8tk042zh7e3w1,
26190,111111,automation.manager.gn7p@yopmail.com,25344,61836846-dflt-1702-rfrn-s7jealliy8ik,autosrc70izaa54s2dqpocydnj2fies7bwxlgmdg1bpi997rwejege6f7rf59try44,
26189,111111,automation.manager.rbbi@yopmail.com,25344,69123554-kd55-2pjq-dspi-2nmr0cl1mpt3,auto1sj8x9pwohzpxkt6ike7xkw8owsxj2tf8dksdiinzt878ksaqe4awbxjjaawpk,
26188,111111,automation.manager.m6yz@yopmail.com,25344,12198014-06p8-bwoh-dyve-yx4r1tlsbtze,autokyd3zv9azvr0u4joul72xin6pn1m0tl9bt48rj6hf5jujw2nf8otzavg41mwsu,
26187,111111,automation.manager.fynt@yopmail.com,25344,61763895-jj0i-ba09-fojq-hf0fpnh8q9al,autohw2vl7jl20fexf8q4qchgp2pz40k5iml8zz75zhpxtazf1d8e1ri4t64hj3t9e,
26186,111111,automation.manager.7193@yopmail.com,25344,92382716-6vgi-9q46-qxbd-v1hzclmi22mt,autouaj1iomgmod3pfdlteibq0gvrrcxbaphlwgi2rnnx8nb7c0o4qi5pe4yeh1yoz,
26185,111111,automation.manager.mkhm@yopmail.com,25344,11943398-7603-d81w-lzzy-tldch58dxzw0,autozgpx1130yqg1yb1frjduthl0xybpzrj0zotfqpp20xjts10r007b4dkb0vg2f4,
26183,111111,automation.manager.d7ui@yopmail.com,25344,77318113-oq7o-t4lv-najh-ohbif9m8un4r,autoj9ri4pslsnleqgl7i4ju0tdz8hyi2118745qrno5bf32wmpkxi4mzim9ssjoyg,
26182,111111,automation.manager.mukq@yopmail.com,25344,25908418-fblt-6lsl-yllf-oopnlfec73q3,auto9my9pdqmuzuryjkeot4w9tm1u5egmvze75zvpnrvgt15695nlh2bu6ofh82wig,
26181,111111,automation.manager.ugyo@yopmail.com,25344,62167912-2fcv-62e1-uezp-3l4n1bb3wlrp,autovzh9trppmhyncc899ky117lopqgjwpvuassyqiro70a5lnuzrqc1a1ljjh8jse,
26180,111111,automation.manager.12ix@yopmail.com,25344,91041789-0d02-llf6-gtyy-cdsiybo7g2l4,auto3j97gpyamgddb0ljcour4k9agbo0mkilzu7ax90bfn2qpqxwclndb8e0xpw8m2,
26179,111111,automation.manager.09s9@yopmail.com,25344,35301681-dao0-51rd-heuf-368o95iopuy9,autozduwbv6zwbbk50lp0fhgx8bcawiiqu4qfxj3i59v77l09v56e8nxc2g6od9o3r,
26178,111111,automation.manager.mhvd@yopmail.com,25344,84368207-wmy8-x7t7-mnfc-e12k6xlui642,auto9hi1p3mqx697ihl28jafk2jptjx9o89g3363hgd92hqvzkzzr584hytch7suhv,
26177,111111,automation.manager.okdu@yopmail.com,25344,54275141-ywpd-6zj9-bjnz-90vjbhglftwe,autoqr5mt7tve3n6ntmlea8d7z23h0n3ggk85esgz8w8aouyvhn1w8c8cjkypf62wq,
26176,111111,automation.manager.fpy9@yopmail.com,25344,62208616-apmr-htjl-appm-wt5o6tdbruzq,autoocvt62otb7pikyryr1gcgq09lrror0fwme0e2v3saewdyuuhu190va6qnj46rg,
26175,111111,automation.manager.rioh@yopmail.com,25344,35354064-skwp-nn2l-ouib-0izz7io5i4ab,autoc189lziq16gxz27997cg6ysobws2ka07ud43jg9p92nogqekrrzlpvejd6v6o4,
26174,111111,automation.manager.3qo0@yopmail.com,25344,78869170-7923-nmnn-xuiu-udk8vt9mnk0k,autordx2ph91s7g8k10jlqqgzgxcohfy0obg7w7hhuzwncpu9wu1uh17lkumh8ke8u,
26173,111111,automation.manager.3ilv6@yopmail.com,25344,21238275-hf8y-zh6c-lnlj-epr7u64gj5yo,autoskz9txw5tgs9v9cposxr0hwd9bdx4ofdnug2xw2co43u18g4zokldosljrw5in,
26172,111111,automation.manager.3ilv5@yopmail.com,25344,89548357-85dg-z9sx-bpnc-30lb9zuaohle,autoj62xti6nhu3e76ir7ysyo3149aqq68qt6mth69f8uuseviqr4xdu6sz1oqdxvm,
26171,111111,automation.manager.3ilv4@yopmail.com,25344,85651168-yemx-xnsn-uavr-jp7q3nix9e13,auto55wchgqdq7bv9dq2sl6ji21hgf7hyfge0yrka6q9pqflv1ag5hdmvmxrk7epop,
26170,111111,automation.manager.3ilv3@yopmail.com,25344,10856796-5xms-u95d-ujwe-msqw5tex77bc,auto3d8qqekc5gm28srnumwfb5imjoxn3c12djbsv1qomfw85j294qbo6gey4pt1ey,
26168,111111,automation.manager.3ilv2@yopmail.com,25344,32257081-3a5p-64jj-seyb-owlb8aano4g2,auto8afvhurju4zqepxvwsu8m3erlmc5nc66qosfdkbne7r4wsal9f56o5m9wq5el8,
26167,111111,automation.manager.3ilv1@yopmail.com,25344,83522929-pul7-a7hc-qxrs-kqq4sllfmilf,autoj8bvjzmv6s4m398sen5gad9oy1tajns4fkcb42kz5222sok3w06s5yhmscn74a,
