64,111111,automationtest1-1ic63@yopmail.com,88970043-k08h-0tk1-hudw-3cy3tf54np0q,auto_i3jarrjy8flxchtapp0ukqgrxbtfuy0no94nwsalpchjfcklx0x4khbeh32le
63,111111,automationtest1-y3k6v@yopmail.com,26074873-ibih-9xs9-vbgs-70hc9u5cp8qm,auto_i3a25r2r0znpvjkot9u6u461aftbtm5nyhi4rirbbvqnjs2swu0w3n5m8luec
62,111111,automationtest1-4buoh@yopmail.com,38680638-aj7l-ca0q-cbzk-yq3veq4l0onh,auto_i3jphv4uvwr0cyutl53821uybknxn37fcq3787zub4l55h7wtbx1lxinvky2y
61,111111,automationtest1-7uq7y@yopmail.com,66816478-zveg-hftz-oncq-526i0ymahh1z,auto_i3l0puhomdibhxsz9e4hnshucstjqhaxbpsw314f3usverc3r2es2gjmabunw
60,111111,automationtest1-m98sg@yopmail.com,01377850-76wa-14yc-fxic-u4o0r91601kw,auto_i3umtr7p9jv6r0i8htakoibwua8wdkr3waar2hhz4qevt4p5qw0e3e0ouiyfg
59,111111,automationtest1-j05rk@yopmail.com,48252475-djri-lnds-jltu-ivaybu2epl4f,auto_i309q67no6zuhyc46a9xp75m83hetragd3ca1zzbz06l5z50hycuonvxjvtyu
58,111111,automationtest1-o6i2c@yopmail.com,73538758-0c92-msit-gjmv-zxt9b948cx4f,auto_i31v3xme17epntijw9mgbo8212rqryb35nk83qzu8gvnrij0guisfsviiuz2d
57,111111,automationtest1-7d8q4@yopmail.com,86109475-7t2p-75oo-qxhh-yg826hkipbrh,auto_i325aqxqc73csg6ndv7ywsqias2nfvsroxjsdi1ebhqceyiw9kl8d373k0wje
55,111111,automationtest1-ud0w1@yopmail.com,35055301-rjep-jupl-dkol-yjlqgdn3stib,auto_i3dm1rfcizw5vdk8tt4spvdw968nl78p15m5nqbjexxlabufus1ilati1oc2a
56,111111,automationtest1-ls49p@yopmail.com,06921017-ofv0-2e9q-mabf-tkevoz1t3ck7,auto_i3tnkrp3fe746s2lw59j628bx7jrjwgkbyp43ftxlrebuouc9sh06ncbknq7e
54,111111,automationtest1-957ri@yopmail.com,21108233-ilxw-5bof-vjew-n7s87lg926su,auto_i3zglylqz1xbqkpkkxxtbkksi62209wkj0h42az30wxs5uquxg95etlp08ka7
53,111111,automationtest1-9dppu@yopmail.com,13703176-1mlh-re01-nqcd-vlygsdy17195,auto_i36z2r305fl9cyp08vnls9hzosr7b9uh6n9u1nto5wvdbgfv44icuwkdbd8c9
52,111111,automationtest1-3jk1i@yopmail.com,55053166-slao-qxok-blmu-h1h07ck09p2m,auto_i3hw4bgccbdmcjcdwscrw1ewuzgcp68yzzhazygqrjnlembj7w0g2wpqof3wm
50,111111,automationtest1-2jdm9@yopmail.com,74501513-w1fv-mnr2-ifjl-judf7y5jkl5p,auto_i3d9z1fhwr4m9dz0qwvb6vwggz4zl2gx09o583cpfmglkb7fee9augo2vi04o
51,111111,automationtest1-bb60j@yopmail.com,24596684-tx0a-eiud-adrv-iz8xhxtxtw21,auto_i33sirh1taltng2t84y9po5nkgi5z6uhxxnilev3wusen4xl5l5i2u00tk9es
49,111111,automationtest1-vjm55@yopmail.com,01532818-zueq-1yei-ordz-fn36jl6zjf8w,auto_i3fzfl65elim455v0hsxfx8ka18cq4rye8a36zr9luyd2y7mp93gpp8trvdsu
48,111111,automationtest1-90uc4@yopmail.com,05631268-8ig2-brfq-ifvi-b1g53px7q6o3,auto_i3or9bzyt4x1il5fbb72ew6lvhhtjq1vjnvqg6co7aynl9xzpp4zp6a7k3774
47,111111,automationtest1-ux288@yopmail.com,84431545-2cmf-sau4-wzfz-4081tp3werpy,auto_i30bjhxj64ialpo7d2uxen0rlm8xxes666puk89zmayg6jik5bqn7rfk2rhg7
45,111111,automationtest1-s2j33@yopmail.com,92525949-o5fn-84s4-auxn-l1rpey5bw5y9,auto_i3z7c3zb65y7ypgkclds6kje0w79i25109cfw7s6vl7mvwn8obr5uy1wp4i8k
46,111111,automationtest1-i4nd3@yopmail.com,44982152-6ty0-8g1d-klaf-882smivnmy14,auto_i38aq5g4kweg6h5phhb4x9k60xj60ghbqvnz2a09vqnpqwkvesiqodn4axdaz
44,111111,automationtest1-0n856@yopmail.com,25212247-07bx-v04p-aimn-q2txin11op7c,auto_i38w5swxb5xoujrgg0iqxs2lol72i5uoc81g3d3wl3w7s5olx7p5dtj082xy3
43,111111,automationtest1-58ayc@yopmail.com,61410987-v5ow-rdxu-ernl-w2jpbfgvjf7z,auto_i3km1gwocm7g8bueun1apyxl5mp5b8slh23skkux8x5q7auc8dyc8hm2627uz
42,111111,automationtest1-lmh04@yopmail.com,37317072-lqg4-tbc9-gwav-qxc3indjaf0c,auto_i3uoe0q0he3z42uyi2khnyddyr85nvo6jkq10fxpzgq7e7e87c7jeztovdbai
40,111111,automationtest1-wi1qq@yopmail.com,03130379-lfmi-a2h6-etvv-cp8957z70zik,auto_i30plvxts382wd0nbdre707eognwre4ug9r6xb6p3csb3n4qxovdb7u2la9mm
41,111111,automationtest1-208ke@yopmail.com,70867742-ps07-pkg8-oobm-jjdsoyw0otpv,auto_i3h8vkwnbm2ai1yr2m1kmcpd51lwcm9yliwmd5c5hzguuq40kv6u8v16gu7sk
39,111111,automationtest1-y1zh4@yopmail.com,71036551-pxae-uj9b-clnu-36bcdmpl6h5w,auto_i3rwq0xsdtlhr58r20xr6ipdbtjfk5513v7eleve0x95uwr2wty2fs5l9z5y3
38,111111,automationtest1-6g556@yopmail.com,45978741-3xql-4x2a-zflh-z21vnen0u6b4,auto_i30pz83zfqr43ebmzwh7fp4yrxvbrkq3taqfhtz8xtn1qg1teoqsh6p5jdxiq
37,111111,automationtest1-t4nnb@yopmail.com,50786652-z6l5-mavq-qjah-5ln0fcdqaut2,auto_i3rn99yxd7wi87vz547ciyrlj1q2elnm4bd2o3fb72ztzv13io50t1x00j884
36,111111,automationtest1-64f79@yopmail.com,62921376-nv8d-eek1-bttd-b18a0lci94sh,auto_i3q9ags7bbtkwr8oow1autqwr6xs8w27yo7a14ji4p090fvfv49plvwmh2jct
35,111111,automationtest1-1dqbe@yopmail.com,52636455-suf1-mjg5-hgwt-erb5r7yeat8m,auto_i3se46r64okz2zkanrja1ytlft9h4rs1h5pa7mttjfrqeb8wb2qwg3zk43h1u
34,111111,automationtest1-es85m@yopmail.com,42239343-ds2c-novg-gakv-9c5sdfc547pr,auto_i3mr9x8fv5u8c8ghwvyyc6din3u6izoxgfzmcbq776e9yzj62z2guxtyeztfp
33,111111,automationtest1-rr78s@yopmail.com,91115077-9i9s-4k2j-ejjs-tcdri0510gqz,auto_i3wuf97exim84rb8ni77pfo46six8riuouxjstpza85z0nd7ftp1l6zvthlia
32,111111,automationtest1-8a12x@yopmail.com,44806382-b3vs-dinq-rrig-3dlyfuf9ppdj,auto_i35qzsz7o9dkkbs5xa7jtg46ln66gqfr07pzvkas8h1rkhzt9rdp72s3tw3da
31,111111,automationtest1-ivm3z@yopmail.com,84576422-wgp6-5l3d-olwp-0677lwar9vbw,auto_i3lpo06795prgb0nygcao33jhfiiox7j4xxusj91o1y0jwkp84rl037l9bw7h
30,111111,automationtest1-l13g2@yopmail.com,76681697-5rim-g030-ckua-955udk08j6or,auto_i3rfsi6hs3jxa4dqb0qxpodqxt0iqv5lcj1aoi2q7a2ll5yhwjepeyruwfucp
29,111111,automationtest1-n09f7@yopmail.com,82517166-042j-jj8h-ftue-4irfsi243nim,auto_i37t7jjs22vb6q0zfrvh2zl9ps9y2mmaosoy5hrpksj1bfbjur6h9ni670f2m
28,111111,automationtest1-810d4@yopmail.com,37756868-g913-n3no-xqas-gdqp3s9mk9s4,auto_i3u947mk8ra6rlxv0q5h70bsr5xxae5cqjv8kv9dwgi41jh6y94obvxfhr7st
27,111111,automationtest1-75ygc@yopmail.com,29950988-b3f7-s5wi-apva-mb1w8xxuumx9,auto_i35kgvovehv92kqpzzfr7fca9vo5voq5lzjgbtcgdslgzafk5myrwxif51r6h
26,111111,automationtest1-c0ip5@yopmail.com,26215437-xhrv-f81v-lpjz-wj4zm51t4lu0,auto_i3i9lq6eg6sltj04kykagn19uuywecnik1e6n4muyww9pz36pzagkgouwsl2k
25,111111,automationtest1-65i4m@yopmail.com,39707829-u8qe-vkvp-pxsw-zufld2ezuf2b,auto_i34t0323hy9k9ulbdbuq2i1a27b9kappd99y515bkwjnllsi3x2ildj5xbjau
24,111111,automationtest1-7b9dr@yopmail.com,15550850-u7ju-iupu-aeny-0ye3gj33qzrf,auto_i3avh2wo93u5ey4hlegm2hijjs41tkurxcykhengrytgbq18onk2kwqkygdwe
23,111111,automationtest1-g8c8k@yopmail.com,92335168-wumb-blmz-jmnv-hedt438gt9sa,auto_i3qe89khzla87d8hlov0n8g1ny7t2tzwuas4vn92fv0t7j6jm3hkl5kn56sb3
22,111111,automationtest1-6jjww@yopmail.com,66165492-n2nd-who0-nyjx-mmxjixweasvv,auto_i3mpldtgq7zp7glcmeaw1lgqy2zmcrlr9k35ed3y3b9garwbg8a00inbvj629
20,111111,automationtest1-y9esb@yopmail.com,56998479-vmsk-xmak-drbk-q276h01hembk,auto_i3kdp4zmm4szf9799x34gt33ffk9lcz7doe615dcci04ctjo2irww1q4ozb94
21,111111,automationtest1-4bwc7@yopmail.com,87348811-4t98-gbnk-cacq-9lf544g1uc2r,auto_i32s19e0p0nx167s51qomsk1ucqjl1atbipvjpyhlm7o029ozwe69s2txkcny
19,111111,automationtest1-05x86@yopmail.com,25378140-mari-7tmh-nhhe-1kebg37d7fqr,auto_i3q03lm76j1fbx27r2xi3ywm48k8oc6b02wdrld8z9rznw6vx4otqvz1mocxr
18,111111,automationtest1-88cuk@yopmail.com,08430824-dln1-88en-yafx-77ucf0u82zya,auto_i3wsxtnk1n9hti55jbjexpkau1h35ssajokiuk24882wnfbtlvmayazud37pr
17,111111,automationtest1-09xb5@yopmail.com,28924967-uheb-9bby-vsxe-r8696ldmeen4,auto_i37yytflzra7nmoztuj7m7ztxtrg21wtflo8yfb6e81sn5bap7n03k4erbvu2
16,111111,automationtest1-5x35f@yopmail.com,68648530-wia5-vl6b-mane-bk13krqfjrxc,auto_i369qg1lhd7dpri2uduk3it5kk5tgpk3ca3sia5ega2itdhoxfw15a9vlxwd6
15,111111,automationtest1-u8q2z@yopmail.com,94308179-eyqu-d15c-znvh-nvlh69vkv0f2,auto_i3yo1ij0tko3mdq378hk2jfnhg42okainkijpzo8vki0rsee0adkcshkrabdh
