26408,111111,eyJhbGciOiJIUzI1NiJ9.eyJzdWIiOiJhdXRvbWF0aW9uLmV2ZW50Lm1hbmFnZXIucGx5ZzRAeW9wbWFpbC5jb20iLCJtZXJjaGFudElkIjoyNjcwLCJleHAiOjE2OTM2NDg0NzQsImlhdCI6MTY5MzY0MTI3NCwidXNlcklkIjozMTIzLCJkZXZpY2VJZCI6ImF1dG9tYXRpb24tYzJmOS1CQzhQMVEtMDAxMi0wMDAwZjEyNDQyNjkifQ.1QDPHZttG7duZVwkBwL79zp5qqQB_oljsF5Wg6NCZaY,automation.event.manager.plyg4@yopmail.com,25963,automation-c2f9-BC8P1Q-0012-0000f1244269,auto1_98ost2v8hs8h0hozx7v06g4rt15cxxmuoezwor72jgnpsnqa9zw6mm0qub38vb
26409,111111,eyJhbGciOiJIUzI1NiJ9.eyJzdWIiOiJhdXRvbWF0aW9uLmV2ZW50Lm1hbmFnZXIuMXVjMWhAeW9wbWFpbC5jb20iLCJtZXJjaGFudElkIjoyNjcwLCJleHAiOjE2OTM2NDg0NzUsImlhdCI6MTY5MzY0MTI3NSwidXNlcklkIjozMTI0LCJkZXZpY2VJZCI6ImF1dG9tYXRpb24tYzJmOS1CQzhQMVEtMDAxMi0wMDAwZjEyNDQyNjgifQ.F47wtfbsb0B64JKoL428695vIHCVLoREU6mhY-Q2l-c,automation.event.manager.1uc1h@yopmail.com,25963,automation-c2f9-BC8P1Q-0012-0000f1244268,auto1_ixh5r641nc9vm3y76va86u0ibv0chy9shlkl65vxidmyo44t4gqhstdeglrhkq
26407,111111,eyJhbGciOiJIUzI1NiJ9.eyJzdWIiOiJhdXRvbWF0aW9uLmV2ZW50Lm1hbmFnZXIuZ2d2bTVAeW9wbWFpbC5jb20iLCJtZXJjaGFudElkIjoyNjcwLCJleHAiOjE2OTM2NDg0NzMsImlhdCI6MTY5MzY0MTI3MywidXNlcklkIjozMTIyLCJkZXZpY2VJZCI6ImF1dG9tYXRpb24tYzJmOS1CQzhQMVEtMDAxMi0wMDAwZjEyNDQyNzAifQ.9voTm4fZ1nI1SnqhmWLXy0khO9YPctNAWNjwGI5pVAI,automation.event.manager.ggvm5@yopmail.com,25963,automation-c2f9-BC8P1Q-0012-0000f1244270,auto1_uobr90y5hycrzxsvbzs8oc9qsegsxx6yqtq8megezocsyx8ud0vbr9eujadd8n
26410,111111,eyJhbGciOiJIUzI1NiJ9.eyJzdWIiOiJhdXRvbWF0aW9uLmV2ZW50Lm1hbmFnZXIuNTlqd3NAeW9wbWFpbC5jb20iLCJtZXJjaGFudElkIjoyNjcwLCJleHAiOjE2OTM2NDg0NzYsImlhdCI6MTY5MzY0MTI3NiwidXNlcklkIjozMTI1LCJkZXZpY2VJZCI6ImF1dG9tYXRpb24tYzJmOS1CQzhQMVEtMDAxMi0wMDAwZjEyNDQyNjcifQ.m7JsbxbgqjukIsMLvgm40Qb6csCTuZWDbSzU--kT9w0,automation.event.manager.59jws@yopmail.com,25963,automation-c2f9-BC8P1Q-0012-0000f1244267,auto1_u36kv23kvsssjdc559bbdh5uabdy7yy32rpt3sd5814uo2m89yf4zqw0lvjyhf
26411,111111,eyJhbGciOiJIUzI1NiJ9.eyJzdWIiOiJhdXRvbWF0aW9uLmV2ZW50Lm1hbmFnZXIuMWJ1d3RAeW9wbWFpbC5jb20iLCJtZXJjaGFudElkIjoyNjcwLCJleHAiOjE2OTM2NDg0NzcsImlhdCI6MTY5MzY0MTI3NywidXNlcklkIjozMTI2LCJkZXZpY2VJZCI6ImF1dG9tYXRpb24tYzJmOS1CQzhQMVEtMDAxMi0wMDAwZjEyNDQyNjYifQ.r0PAVyhyxoT2WzuST1LhqrAxAxm2vbkH2N6CVCcT64o,automation.event.manager.1buwt@yopmail.com,25963,automation-c2f9-BC8P1Q-0012-0000f1244266,auto1_umoaj08i93mp1q43eo1tspl0u1muq01g77vq5j4ifqmig8kxpyajl190uso6wn
26412,111111,eyJhbGciOiJIUzI1NiJ9.eyJzdWIiOiJhdXRvbWF0aW9uLmV2ZW50Lm1hbmFnZXIuY3V3cjlAeW9wbWFpbC5jb20iLCJtZXJjaGFudElkIjoyNjcwLCJleHAiOjE2OTM2NDg0NzgsImlhdCI6MTY5MzY0MTI3OCwidXNlcklkIjozMTI3LCJkZXZpY2VJZCI6ImF1dG9tYXRpb24tYzJmOS1CQzhQMVEtMDAxMi0wMDAwZjEyNDQyNjUifQ.8LBlWiQweiWVQE218hwJ68uPamHul8Q5MwqKL6yeAYs,automation.event.manager.cuwr9@yopmail.com,25963,automation-c2f9-BC8P1Q-0012-0000f1244265,auto1_z9nwnz816wcbtswvp2559jhz0ry7z9uvlysuu36rzojifgmwcub5qrfmgh8con
26414,111111,eyJhbGciOiJIUzI1NiJ9.eyJzdWIiOiJhdXRvbWF0aW9uLmV2ZW50Lm1hbmFnZXIubzdoeHBAeW9wbWFpbC5jb20iLCJtZXJjaGFudElkIjoyNjcwLCJleHAiOjE2OTM2NDg0NzksImlhdCI6MTY5MzY0MTI3OSwidXNlcklkIjozMTI5LCJkZXZpY2VJZCI6ImF1dG9tYXRpb24tYzJmOS1CQzhQMVEtMDAxMi0wMDAwZjEyNDQyNjMifQ.jMT7FRPPOD3a29TLLmveUH0pBK5yWMOq6tNtDkoGlLE,automation.event.manager.o7hxp@yopmail.com,25963,automation-c2f9-BC8P1Q-0012-0000f1244263,auto1_s81gfigs74lg0m0zrb8b3qmmt0yohfgu9wauyrzoos7cjetxu04ngd57hkuj25
26415,111111,eyJhbGciOiJIUzI1NiJ9.eyJzdWIiOiJhdXRvbWF0aW9uLmV2ZW50Lm1hbmFnZXIuY3Q3cXJAeW9wbWFpbC5jb20iLCJtZXJjaGFudElkIjoyNjcwLCJleHAiOjE2OTM2NDg0NzksImlhdCI6MTY5MzY0MTI3OSwidXNlcklkIjozMTMwLCJkZXZpY2VJZCI6ImF1dG9tYXRpb24tYzJmOS1CQzhQMVEtMDAxMi0wMDAwZjEyNDQyNjAifQ.Q_Bt0Q2lfRK3VFznDKy-kBo9rYhOCJ0fMF7G8nyLx9s,automation.event.manager.ct7qr@yopmail.com,25963,automation-c2f9-BC8P1Q-0012-0000f1244260,auto1_tohe6s1ut17h0cwewmpwpiikbhznc4sgzh9ubem5zrfx18tbodlfqfas199x3r
26419,111111,eyJhbGciOiJIUzI1NiJ9.eyJzdWIiOiJhdXRvbWF0aW9uLmV2ZW50Lm1hbmFnZXIubTRxNHBAeW9wbWFpbC5jb20iLCJtZXJjaGFudElkIjoyNjcwLCJleHAiOjE2OTM2NDg0ODEsImlhdCI6MTY5MzY0MTI4MSwidXNlcklkIjozMTM0LCJkZXZpY2VJZCI6ImF1dG9tYXRpb24tYzJmOS1CQzhQMVEtMDAxMi0wMDAwZjEyNDQyNTcifQ.gnEyL4Na_rsdoWtJMETfuHn3xTBAUJN_E_PGoSIZ8GY,automation.event.manager.m4q4p@yopmail.com,25963,automation-c2f9-BC8P1Q-0012-0000f1244257,auto1_z0t910cxz01dxs2m8y80p1ixizmyqzau4abr84580jj3afanl2rwvzmy5gcyd6
26416,111111,eyJhbGciOiJIUzI1NiJ9.eyJzdWIiOiJhdXRvbWF0aW9uLmV2ZW50Lm1hbmFnZXIub283a2lAeW9wbWFpbC5jb20iLCJtZXJjaGFudElkIjoyNjcwLCJleHAiOjE2OTM2NDg0NzksImlhdCI6MTY5MzY0MTI3OSwidXNlcklkIjozMTMxLCJkZXZpY2VJZCI6ImF1dG9tYXRpb24tYzJmOS1CQzhQMVEtMDAxMi0wMDAwZjEyNDQyNjEifQ.s-ed4o2NrzN95McVbO_1XFafax7IFNUWGuSTP_QnkFM,automation.event.manager.oo7ki@yopmail.com,25963,automation-c2f9-BC8P1Q-0012-0000f1244261,auto1_s0m8biacec8k54pdbkhkwjq47jh598vduniibrhdvw1qgq6wm49pxlp1ju9ggc
26417,111111,eyJhbGciOiJIUzI1NiJ9.eyJzdWIiOiJhdXRvbWF0aW9uLmV2ZW50Lm1hbmFnZXIuMXNmY2FAeW9wbWFpbC5jb20iLCJtZXJjaGFudElkIjoyNjcwLCJleHAiOjE2OTM2NDg0ODEsImlhdCI6MTY5MzY0MTI4MSwidXNlcklkIjozMTMyLCJkZXZpY2VJZCI6ImF1dG9tYXRpb24tYzJmOS1CQzhQMVEtMDAxMi0wMDAwZjEyNDQyNjIifQ.FShK300fxIgyeYCdoLNSfx5pcMGGxxa4fEgPe5VFaPM,automation.event.manager.1sfca@yopmail.com,25963,automation-c2f9-BC8P1Q-0012-0000f1244262,auto1_8yv1lr2iylnxb66q6jcp71xpqsdlqyu17d56q7tyu0qmehwfj8wyko9796ud42
26413,111111,eyJhbGciOiJIUzI1NiJ9.eyJzdWIiOiJhdXRvbWF0aW9uLmV2ZW50Lm1hbmFnZXIudmk3dnRAeW9wbWFpbC5jb20iLCJtZXJjaGFudElkIjoyNjcwLCJleHAiOjE2OTM2NDg0NzksImlhdCI6MTY5MzY0MTI3OSwidXNlcklkIjozMTI4LCJkZXZpY2VJZCI6ImF1dG9tYXRpb24tYzJmOS1CQzhQMVEtMDAxMi0wMDAwZjEyNDQyNjQifQ.SXmU75ZUB4Nk_pr5KOvKn4XgvX3pEix7kszoP_01QAQ,automation.event.manager.vi7vt@yopmail.com,25963,automation-c2f9-BC8P1Q-0012-0000f1244264,auto1_6359cvefptyubay8ht7o0n007sc937xbafy18ygrgcudehux1u36m7gnzsc8jz
26420,111111,eyJhbGciOiJIUzI1NiJ9.eyJzdWIiOiJhdXRvbWF0aW9uLmV2ZW50Lm1hbmFnZXIuZTk2b2hAeW9wbWFpbC5jb20iLCJtZXJjaGFudElkIjoyNjcwLCJleHAiOjE2OTM2NDg0ODIsImlhdCI6MTY5MzY0MTI4MiwidXNlcklkIjozMTM1LCJkZXZpY2VJZCI6ImF1dG9tYXRpb24tYzJmOS1CQzhQMVEtMDAxMi0wMDAwZjEyNDQyNTgifQ.s7exO2VNuvGrTNDqwvXpP91Ek-NZyEsuvK6Ls4Q7B4k,automation.event.manager.e96oh@yopmail.com,25963,automation-c2f9-BC8P1Q-0012-0000f1244258,auto1_85ghvo9f28aguozydotypodrzoy110ph73w32qcet1nzu1dtgm6imttzskgsoe
26418,111111,eyJhbGciOiJIUzI1NiJ9.eyJzdWIiOiJhdXRvbWF0aW9uLmV2ZW50Lm1hbmFnZXIuMG93eDRAeW9wbWFpbC5jb20iLCJtZXJjaGFudElkIjoyNjcwLCJleHAiOjE2OTM2NDg0ODIsImlhdCI6MTY5MzY0MTI4MiwidXNlcklkIjozMTMzLCJkZXZpY2VJZCI6ImF1dG9tYXRpb24tYzJmOS1CQzhQMVEtMDAxMi0wMDAwZjEyNDQyNTkifQ.zUVzbFBe2No5-TTHKw21SBGELDlr-CSWWbOUbOUeOdU,automation.event.manager.0owx4@yopmail.com,25963,automation-c2f9-BC8P1Q-0012-0000f1244259,auto1_3j7gk2oyadmfqj7rl5ex5mrd14v1kgdnskg28j5n25zww1jiae1zdcjah1i6gs
26421,111111,eyJhbGciOiJIUzI1NiJ9.eyJzdWIiOiJhdXRvbWF0aW9uLmV2ZW50Lm1hbmFnZXIua2JuemtAeW9wbWFpbC5jb20iLCJtZXJjaGFudElkIjoyNjcwLCJleHAiOjE2OTM2NDg0ODMsImlhdCI6MTY5MzY0MTI4MywidXNlcklkIjozMTM2LCJkZXZpY2VJZCI6ImF1dG9tYXRpb24tYzJmOS1CQzhQMVEtMDAxMi0wMDAwZjEyNDQyNTYifQ.YmOPBcCi-KZKDmvFouIOStTcacZAfZkCj1akkLoStPQ,automation.event.manager.kbnzk@yopmail.com,25963,automation-c2f9-BC8P1Q-0012-0000f1244256,auto1_n17us6ge0p90yt3nsyqy7hpj7csowkzt8j462bifj5u2ybfuliagb8d3zakaik
26423,111111,eyJhbGciOiJIUzI1NiJ9.eyJzdWIiOiJhdXRvbWF0aW9uLmV2ZW50Lm1hbmFnZXIuYWdhN3pAeW9wbWFpbC5jb20iLCJtZXJjaGFudElkIjoyNjcwLCJleHAiOjE2OTM2NDg0ODYsImlhdCI6MTY5MzY0MTI4NiwidXNlcklkIjozMTM4LCJkZXZpY2VJZCI6ImF1dG9tYXRpb24tYzJmOS1CQzhQMVEtMDAxMi0wMDAwZjEyNDQyNTQifQ.oXUNf5oVXTi8jM0iN0Z_C4OW5Hj-qWEh1tCMj8kaiog,automation.event.manager.aga7z@yopmail.com,25963,automation-c2f9-BC8P1Q-0012-0000f1244254,auto1_7irfspt28eqgrs5qlckidd0sfbxhawgf8t8fu22ykxekrpnz5f1plu0n5oqpaq
26425,111111,eyJhbGciOiJIUzI1NiJ9.eyJzdWIiOiJhdXRvbWF0aW9uLmV2ZW50Lm1hbmFnZXIuN2Z5dzdAeW9wbWFpbC5jb20iLCJtZXJjaGFudElkIjoyNjcwLCJleHAiOjE2OTM2NDg0ODgsImlhdCI6MTY5MzY0MTI4OCwidXNlcklkIjozMTQwLCJkZXZpY2VJZCI6ImF1dG9tYXRpb24tYzJmOS1CQzhQMVEtMDAxMi0wMDAwZjEyNDQyNTIifQ.nkZsHqp4qsGdJxEne5D5QjRx5AtvwuPPOwxTiA-AOYE,automation.event.manager.7fyw7@yopmail.com,25963,automation-c2f9-BC8P1Q-0012-0000f1244252,auto1_szbi2d4j7a0vf4xc3q5cdmwx4kx2g48v3eps34cvmopbi9mfj00m3tn8kco7tw
26422,111111,eyJhbGciOiJIUzI1NiJ9.eyJzdWIiOiJhdXRvbWF0aW9uLmV2ZW50Lm1hbmFnZXIubTRlNHBAeW9wbWFpbC5jb20iLCJtZXJjaGFudElkIjoyNjcwLCJleHAiOjE2OTM2NDg0ODYsImlhdCI6MTY5MzY0MTI4NiwidXNlcklkIjozMTM3LCJkZXZpY2VJZCI6ImF1dG9tYXRpb24tYzJmOS1CQzhQMVEtMDAxMi0wMDAwZjEyNDQyNTUifQ.K9sdWsMq1uX8uP37fs8oaePT5dhb32wZyQDxrRpjZHw,automation.event.manager.m4e4p@yopmail.com,25963,automation-c2f9-BC8P1Q-0012-0000f1244255,auto1_d6uhi8u32m7gtoaxcd6t3pyu42afc1k2ny4ezah5kqzk16e4tiwqajqswpcen0
26426,111111,eyJhbGciOiJIUzI1NiJ9.eyJzdWIiOiJhdXRvbWF0aW9uLmV2ZW50Lm1hbmFnZXIubmcyM2FAeW9wbWFpbC5jb20iLCJtZXJjaGFudElkIjoyNjcwLCJleHAiOjE2OTM2NDg0ODgsImlhdCI6MTY5MzY0MTI4OCwidXNlcklkIjozMTQxLCJkZXZpY2VJZCI6ImF1dG9tYXRpb24tYzJmOS1CQzhQMVEtMDAxMi0wMDAwZjEyNDQyNTEifQ.YLY3AFY91IGriZs6K1soBIMAtzdQ7PLwRu6ZEAm4elA,automation.event.manager.ng23a@yopmail.com,25963,automation-c2f9-BC8P1Q-0012-0000f1244251,auto1_yji2uddr8ng4cwfq9llukloi535wuzxlf0ri3isbifqknv6xvqo8rciow88spf
26428,111111,eyJhbGciOiJIUzI1NiJ9.eyJzdWIiOiJhdXRvbWF0aW9uLmV2ZW50Lm1hbmFnZXIuZGNlOTZAeW9wbWFpbC5jb20iLCJtZXJjaGFudElkIjoyNjcwLCJleHAiOjE2OTM2NDg0OTAsImlhdCI6MTY5MzY0MTI5MCwidXNlcklkIjozMTQzLCJkZXZpY2VJZCI6ImF1dG9tYXRpb24tYzJmOS1CQzhQMVEtMDAxMi0wMDAwZjEyNDQyNDkifQ.XLC3ZqRa8-y10zRkus4cd4hMa6x9wSIuIbFF75-Kt5U,automation.event.manager.dce96@yopmail.com,25963,automation-c2f9-BC8P1Q-0012-0000f1244249,auto1_2pv2q0itr3dko7jkwlmlzl1bau9pn2m178hh9svn5j4wrk9upu8oj3ch0a32dd
26424,111111,eyJhbGciOiJIUzI1NiJ9.eyJzdWIiOiJhdXRvbWF0aW9uLmV2ZW50Lm1hbmFnZXIuZXJkd2tAeW9wbWFpbC5jb20iLCJtZXJjaGFudElkIjoyNjcwLCJleHAiOjE2OTM2NDg0ODcsImlhdCI6MTY5MzY0MTI4NywidXNlcklkIjozMTM5LCJkZXZpY2VJZCI6ImF1dG9tYXRpb24tYzJmOS1CQzhQMVEtMDAxMi0wMDAwZjEyNDQyNTMifQ.93uK_c9OrntidqMD2fQMW4ZCe7e_X5yX1QXYIxXH__M,automation.event.manager.erdwk@yopmail.com,25963,automation-c2f9-BC8P1Q-0012-0000f1244253,auto1_dwnmw003paxtvveg8p3l45eiywegqj62nlrd95kf9gjrta50qihjktoos8dz91
26430,111111,eyJhbGciOiJIUzI1NiJ9.eyJzdWIiOiJhdXRvbWF0aW9uLmV2ZW50Lm1hbmFnZXIubzhsdnJAeW9wbWFpbC5jb20iLCJtZXJjaGFudElkIjoyNjcwLCJleHAiOjE2OTM2NDg0OTMsImlhdCI6MTY5MzY0MTI5MywidXNlcklkIjozMTQ1LCJkZXZpY2VJZCI6ImF1dG9tYXRpb24tYzJmOS1CQzhQMVEtMDAxMi0wMDAwZjEyNDQyNDcifQ.LhTA8YJ2ZybGPwmihrLjo7xjtmi8TErgd8lQlzLESi8,automation.event.manager.o8lvr@yopmail.com,25963,automation-c2f9-BC8P1Q-0012-0000f1244247,auto1_k99ccqu0s02u0589sr1oe9ba83ni63kg8qadvzx9t16gznz8uffrd5pfouc50d
26429,111111,eyJhbGciOiJIUzI1NiJ9.eyJzdWIiOiJhdXRvbWF0aW9uLmV2ZW50Lm1hbmFnZXIucHczaHpAeW9wbWFpbC5jb20iLCJtZXJjaGFudElkIjoyNjcwLCJleHAiOjE2OTM2NDg0OTIsImlhdCI6MTY5MzY0MTI5MiwidXNlcklkIjozMTQ0LCJkZXZpY2VJZCI6ImF1dG9tYXRpb24tYzJmOS1CQzhQMVEtMDAxMi0wMDAwZjEyNDQyNDgifQ.Zv54_f8hhghbkiwdUMhh1nA-H2VFHWjCGHxGA8kd21k,automation.event.manager.pw3hz@yopmail.com,25963,automation-c2f9-BC8P1Q-0012-0000f1244248,auto1_a5y6gkgtw8ce8byvraythvdkojt31bhe10ker2c5j3wlrfu5212g5amgf1ri4p
26427,111111,eyJhbGciOiJIUzI1NiJ9.eyJzdWIiOiJhdXRvbWF0aW9uLmV2ZW50Lm1hbmFnZXIuZTgxdmRAeW9wbWFpbC5jb20iLCJtZXJjaGFudElkIjoyNjcwLCJleHAiOjE2OTM2NDg0ODksImlhdCI6MTY5MzY0MTI4OSwidXNlcklkIjozMTQyLCJkZXZpY2VJZCI6ImF1dG9tYXRpb24tYzJmOS1CQzhQMVEtMDAxMi0wMDAwZjEyNDQyNTAifQ.LktQMX__vAueKc2eTxy0opE0IyB62bs5inqkDLKb2yQ,automation.event.manager.e81vd@yopmail.com,25963,automation-c2f9-BC8P1Q-0012-0000f1244250,auto1_fchfhccafzrfnpqo7q0y0ct9l6n17pfuk9uisnu05sb9fs2a0inodbk5in22yd
26431,111111,eyJhbGciOiJIUzI1NiJ9.eyJzdWIiOiJhdXRvbWF0aW9uLmV2ZW50Lm1hbmFnZXIubDBzNGtAeW9wbWFpbC5jb20iLCJtZXJjaGFudElkIjoyNjcwLCJleHAiOjE2OTM2NDg0OTQsImlhdCI6MTY5MzY0MTI5NCwidXNlcklkIjozMTQ2LCJkZXZpY2VJZCI6ImF1dG9tYXRpb24tYzJmOS1CQzhQMVEtMDAxMi0wMDAwZjEyNDQyNDYifQ.MjUrUAcfFYqGmd_2OBJ2vxVHF5kmPq21_cDLd9t6aTs,automation.event.manager.l0s4k@yopmail.com,25963,automation-c2f9-BC8P1Q-0012-0000f1244246,auto1_38wmn9xfhi98zca3apu6t25huafjxx14shh6nbuhejoqxxz3xrfu2id0g1mxcj
26432,111111,eyJhbGciOiJIUzI1NiJ9.eyJzdWIiOiJhdXRvbWF0aW9uLmV2ZW50Lm1hbmFnZXIuazRwczJAeW9wbWFpbC5jb20iLCJtZXJjaGFudElkIjoyNjcwLCJleHAiOjE2OTM2NDg0OTUsImlhdCI6MTY5MzY0MTI5NSwidXNlcklkIjozMTQ3LCJkZXZpY2VJZCI6ImF1dG9tYXRpb24tYzJmOS1CQzhQMVEtMDAxMi0wMDAwZjEyNDQyNDUifQ.SabGJelXKtDiBtrCAY1DQIaQhXKW-WbDbzCcFt2DG-A,automation.event.manager.k4ps2@yopmail.com,25963,automation-c2f9-BC8P1Q-0012-0000f1244245,auto1_drhld7ztzt136kguxfjl0d9uyai7fgna7iopywjf7u4pbded5md803nh0h1s0t
26435,111111,eyJhbGciOiJIUzI1NiJ9.eyJzdWIiOiJhdXRvbWF0aW9uLmV2ZW50Lm1hbmFnZXIuNnk1ZWhAeW9wbWFpbC5jb20iLCJtZXJjaGFudElkIjoyNjcwLCJleHAiOjE2OTM2NDg0OTksImlhdCI6MTY5MzY0MTI5OSwidXNlcklkIjozMTUwLCJkZXZpY2VJZCI6ImF1dG9tYXRpb24tYzJmOS1CQzhQMVEtMDAxMi0wMDAwZjEyNDQyNDMifQ.Ocr20oMo1-0o8GPM5bd_zMQ8iN4j0nshcDq-A2KFou0,automation.event.manager.6y5eh@yopmail.com,25963,automation-c2f9-BC8P1Q-0012-0000f1244243,auto1_73ihawi9ox9gbkv4vz46fk5fvidza7la9ih4wytbkqpvyt5v2wzdfa4uvocypl
26438,111111,eyJhbGciOiJIUzI1NiJ9.eyJzdWIiOiJhdXRvbWF0aW9uLmV2ZW50Lm1hbmFnZXIuemx3MzhAeW9wbWFpbC5jb20iLCJtZXJjaGFudElkIjoyNjcwLCJleHAiOjE2OTM2NDg1MDAsImlhdCI6MTY5MzY0MTMwMCwidXNlcklkIjozMTUzLCJkZXZpY2VJZCI6ImF1dG9tYXRpb24tYzJmOS1CQzhQMVEtMDAxMi0wMDAwZjEyNDQyMzkifQ.QQ0FuOCRRjx7i9xBXQytkOJurwgfU0j1F4pXoZHxilM,automation.event.manager.zlw38@yopmail.com,25963,automation-c2f9-BC8P1Q-0012-0000f1244239,auto1_d4st4wm6zfod6ppcnjosv6dz7atpp7w3mu9zjxys0f7vbxlfvw51azpxyijtol
26436,111111,eyJhbGciOiJIUzI1NiJ9.eyJzdWIiOiJhdXRvbWF0aW9uLmV2ZW50Lm1hbmFnZXIudzFvY3BAeW9wbWFpbC5jb20iLCJtZXJjaGFudElkIjoyNjcwLCJleHAiOjE2OTM2NDg0OTksImlhdCI6MTY5MzY0MTI5OSwidXNlcklkIjozMTUxLCJkZXZpY2VJZCI6ImF1dG9tYXRpb24tYzJmOS1CQzhQMVEtMDAxMi0wMDAwZjEyNDQyNDEifQ.xv6DHmjz0BSb8n6lxMyNTVOh0lGL89UzzdQ3mfoEVCg,automation.event.manager.w1ocp@yopmail.com,25963,automation-c2f9-BC8P1Q-0012-0000f1244241,auto1_6udyxrfnuf8uu2sv4yp1x0yfc4cknzg99nip9bq9smhdt2pbpm6xkkdh6qsjcu
26433,111111,eyJhbGciOiJIUzI1NiJ9.eyJzdWIiOiJhdXRvbWF0aW9uLmV2ZW50Lm1hbmFnZXIuZ3ZoZHFAeW9wbWFpbC5jb20iLCJtZXJjaGFudElkIjoyNjcwLCJleHAiOjE2OTM2NDg0OTcsImlhdCI6MTY5MzY0MTI5NywidXNlcklkIjozMTQ4LCJkZXZpY2VJZCI6ImF1dG9tYXRpb24tYzJmOS1CQzhQMVEtMDAxMi0wMDAwZjEyNDQyNDQifQ.Qnd0nOLVlgjdYVmZzkYMolc54vw6hUpHX4rYxsQwpGc,automation.event.manager.gvhdq@yopmail.com,25963,automation-c2f9-BC8P1Q-0012-0000f1244244,auto1_cuda8sewrcfdihj3ptlx77vuimpxd79uaowqi95ykbeockjwus3fyci17kkydz
26439,111111,eyJhbGciOiJIUzI1NiJ9.eyJzdWIiOiJhdXRvbWF0aW9uLmV2ZW50Lm1hbmFnZXIudHFpZDRAeW9wbWFpbC5jb20iLCJtZXJjaGFudElkIjoyNjcwLCJleHAiOjE2OTM2NDg1MDEsImlhdCI6MTY5MzY0MTMwMSwidXNlcklkIjozMTU0LCJkZXZpY2VJZCI6ImF1dG9tYXRpb24tYzJmOS1CQzhQMVEtMDAxMi0wMDAwZjEyNDQyMzgifQ.lL6lpUdSpcHzPIKmwLUciujUTxjwR7mgvFowUAf00xU,automation.event.manager.tqid4@yopmail.com,25963,automation-c2f9-BC8P1Q-0012-0000f1244238,auto1_0zya3jevxlnfuvzfzts5w4g0vdyiyjg7eg12itw3zin2oazrcv8bfobxlh7xv7
26440,111111,eyJhbGciOiJIUzI1NiJ9.eyJzdWIiOiJhdXRvbWF0aW9uLmV2ZW50Lm1hbmFnZXIua3d6Z2pAeW9wbWFpbC5jb20iLCJtZXJjaGFudElkIjoyNjcwLCJleHAiOjE2OTM2NDg1MDEsImlhdCI6MTY5MzY0MTMwMSwidXNlcklkIjozMTU1LCJkZXZpY2VJZCI6ImF1dG9tYXRpb24tYzJmOS1CQzhQMVEtMDAxMi0wMDAwZjEyNDQyMzcifQ.LYgYwo4Iyq9iZSt22vVdm_9nfSBrAiwrX00pYLKUhMY,automation.event.manager.kwzgj@yopmail.com,25963,automation-c2f9-BC8P1Q-0012-0000f1244237,auto1_i91i9ul0rx54u0r53gvzb2tg6lv69o7307gsiq6d0fiu2ghka4xdnk0mg6bv9o
26437,111111,eyJhbGciOiJIUzI1NiJ9.eyJzdWIiOiJhdXRvbWF0aW9uLmV2ZW50Lm1hbmFnZXIuM2QxcHdAeW9wbWFpbC5jb20iLCJtZXJjaGFudElkIjoyNjcwLCJleHAiOjE2OTM2NDg1MDAsImlhdCI6MTY5MzY0MTMwMCwidXNlcklkIjozMTUyLCJkZXZpY2VJZCI6ImF1dG9tYXRpb24tYzJmOS1CQzhQMVEtMDAxMi0wMDAwZjEyNDQyNDAifQ.LFfjvBdFlQWnKWs-ZEac1_JPt1mPJu95iSNKcVwDTNI,automation.event.manager.3d1pw@yopmail.com,25963,automation-c2f9-BC8P1Q-0012-0000f1244240,auto1_ah77twopbgks2qy79tav5ph667mo298yoldlhg1tubgpa783u2e8ztvjqg7e2s
26434,111111,eyJhbGciOiJIUzI1NiJ9.eyJzdWIiOiJhdXRvbWF0aW9uLmV2ZW50Lm1hbmFnZXIuYzllMW9AeW9wbWFpbC5jb20iLCJtZXJjaGFudElkIjoyNjcwLCJleHAiOjE2OTM2NDg0OTgsImlhdCI6MTY5MzY0MTI5OCwidXNlcklkIjozMTQ5LCJkZXZpY2VJZCI6ImF1dG9tYXRpb24tYzJmOS1CQzhQMVEtMDAxMi0wMDAwZjEyNDQyNDIifQ.3H7JQHNgB6PqlyVHpNBnxNH1Se-LN7zKtKej1sogAqk,automation.event.manager.c9e1o@yopmail.com,25963,automation-c2f9-BC8P1Q-0012-0000f1244242,auto1_d1eotjko59acdzdglyod2yxxncprue79yd53i2crrjg6ib192rlz2bxvnutros
26441,111111,eyJhbGciOiJIUzI1NiJ9.eyJzdWIiOiJhdXRvbWF0aW9uLmV2ZW50Lm1hbmFnZXIuMHV2N3lAeW9wbWFpbC5jb20iLCJtZXJjaGFudElkIjoyNjcwLCJleHAiOjE2OTM2NDg1MDUsImlhdCI6MTY5MzY0MTMwNSwidXNlcklkIjozMTU2LCJkZXZpY2VJZCI6ImF1dG9tYXRpb24tYzJmOS1CQzhQMVEtMDAxMi0wMDAwZjEyNDQyMzYifQ.wLtZbx2U0C3m4P5U2jCvEOWt5Pn8G0eyO7KTos2RT9Y,automation.event.manager.0uv7y@yopmail.com,25963,automation-c2f9-BC8P1Q-0012-0000f1244236,auto1_qjvmuu80cjzqq01m011ydqvrmqw5mvy45d1oe9cnhwo1yai7wm6r9gcwalof7b
26442,111111,eyJhbGciOiJIUzI1NiJ9.eyJzdWIiOiJhdXRvbWF0aW9uLmV2ZW50Lm1hbmFnZXIueTh1c2ZAeW9wbWFpbC5jb20iLCJtZXJjaGFudElkIjoyNjcwLCJleHAiOjE2OTM2NDg1MDUsImlhdCI6MTY5MzY0MTMwNSwidXNlcklkIjozMTU3LCJkZXZpY2VJZCI6ImF1dG9tYXRpb24tYzJmOS1CQzhQMVEtMDAxMi0wMDAwZjEyNDQyMzUifQ.gTaDRh5_oykT1sVcCglpXZrlrZJffLl3SmcyM9KfSDM,automation.event.manager.y8usf@yopmail.com,25963,automation-c2f9-BC8P1Q-0012-0000f1244235,auto1_stbr2rbq06qbqdtdpd4pov1qhhytcki7l3j6j6ji5cmyexsjo9pnbd2qi4frrl
26445,111111,eyJhbGciOiJIUzI1NiJ9.eyJzdWIiOiJhdXRvbWF0aW9uLmV2ZW50Lm1hbmFnZXIuMmZza3dAeW9wbWFpbC5jb20iLCJtZXJjaGFudElkIjoyNjcwLCJleHAiOjE2OTM2NDg1MDgsImlhdCI6MTY5MzY0MTMwOCwidXNlcklkIjozMTYwLCJkZXZpY2VJZCI6ImF1dG9tYXRpb24tYzJmOS1CQzhQMVEtMDAxMi0wMDAwZjEyNDQyMzIifQ.-xf88enasQmzmie42V-hOge3XnATTqJuPNBWtEc2q9U,automation.event.manager.2fskw@yopmail.com,25963,automation-c2f9-BC8P1Q-0012-0000f1244232,auto1_5ul5zdb6hmvft0cfmyew3wcbinc7t9qyffcc8i67d8yhq598047ph81861kyyy
26444,111111,eyJhbGciOiJIUzI1NiJ9.eyJzdWIiOiJhdXRvbWF0aW9uLmV2ZW50Lm1hbmFnZXIuZ3FwbGxAeW9wbWFpbC5jb20iLCJtZXJjaGFudElkIjoyNjcwLCJleHAiOjE2OTM2NDg1MDcsImlhdCI6MTY5MzY0MTMwNywidXNlcklkIjozMTU5LCJkZXZpY2VJZCI6ImF1dG9tYXRpb24tYzJmOS1CQzhQMVEtMDAxMi0wMDAwZjEyNDQyMzMifQ.Qp2pIiZfj9-M6gchSumphmK_8giQgWg40cr5KatSLEM,automation.event.manager.gqpll@yopmail.com,25963,automation-c2f9-BC8P1Q-0012-0000f1244233,auto1_n1roerllp8auvct0771dfq2bn9k8tirg6omjjbsus7nh5x6lhjllz002h49xxj
26446,111111,eyJhbGciOiJIUzI1NiJ9.eyJzdWIiOiJhdXRvbWF0aW9uLmV2ZW50Lm1hbmFnZXIuNnphMm1AeW9wbWFpbC5jb20iLCJtZXJjaGFudElkIjoyNjcwLCJleHAiOjE2OTM2NDg1MDksImlhdCI6MTY5MzY0MTMwOSwidXNlcklkIjozMTYxLCJkZXZpY2VJZCI6ImF1dG9tYXRpb24tYzJmOS1CQzhQMVEtMDAxMi0wMDAwZjEyNDQyMzAifQ.6KiGJML0XlKPyfejdE8QjgboEERQ_Jc6Wrnf1uzz70E,automation.event.manager.6za2m@yopmail.com,25963,automation-c2f9-BC8P1Q-0012-0000f1244230,auto1_yzhtmswksrw19a1rypoicb8c2nofxpfdcy5hsef7hc6s64wjspyd5g5a4rey4b
26443,111111,eyJhbGciOiJIUzI1NiJ9.eyJzdWIiOiJhdXRvbWF0aW9uLmV2ZW50Lm1hbmFnZXIuMHo4aThAeW9wbWFpbC5jb20iLCJtZXJjaGFudElkIjoyNjcwLCJleHAiOjE2OTM2NDg1MDYsImlhdCI6MTY5MzY0MTMwNiwidXNlcklkIjozMTU4LCJkZXZpY2VJZCI6ImF1dG9tYXRpb24tYzJmOS1CQzhQMVEtMDAxMi0wMDAwZjEyNDQyMzQifQ.AC3ccsHiaoTv1amXPuFuqIQx4XjoVuUXk3-HFv9kQyw,automation.event.manager.0z8i8@yopmail.com,25963,automation-c2f9-BC8P1Q-0012-0000f1244234,auto1_oott27ij92x6psfqg11foevfnjuh9vdra8v4vfkitpki6z45w118m3yyhs87yb
26448,111111,eyJhbGciOiJIUzI1NiJ9.eyJzdWIiOiJhdXRvbWF0aW9uLmV2ZW50Lm1hbmFnZXIuOTcyb2ZAeW9wbWFpbC5jb20iLCJtZXJjaGFudElkIjoyNjcwLCJleHAiOjE2OTM2NDg1MTAsImlhdCI6MTY5MzY0MTMxMCwidXNlcklkIjozMTY0LCJkZXZpY2VJZCI6ImF1dG9tYXRpb24tYzJmOS1CQzhQMVEtMDAxMi0wMDAwZjEyNDQyMjgifQ.yqq5c6wn34yv2EJyfFTYdfouJlO_0nSpb3gVtd-b8DA,automation.event.manager.972of@yopmail.com,25963,automation-c2f9-BC8P1Q-0012-0000f1244228,auto1_73x2jhjin3yhh712b40h5pujeiwmo4ngc088g0qs7ij5xjwtozqafhxztghaju
26450,111111,eyJhbGciOiJIUzI1NiJ9.eyJzdWIiOiJhdXRvbWF0aW9uLmV2ZW50Lm1hbmFnZXIuZ3o2djdAeW9wbWFpbC5jb20iLCJtZXJjaGFudElkIjoyNjcwLCJleHAiOjE2OTM2NDg1MTEsImlhdCI6MTY5MzY0MTMxMSwidXNlcklkIjozMTY1LCJkZXZpY2VJZCI6ImF1dG9tYXRpb24tYzJmOS1CQzhQMVEtMDAxMi0wMDAwZjEyNDQyMjcifQ.Ie5jga6v2APf3_uFCNW_We8uyV_uNJl-C5BDl2NPfPE,automation.event.manager.gz6v7@yopmail.com,25963,automation-c2f9-BC8P1Q-0012-0000f1244227,auto1_b72ks4s9m70nroul2niaj84xu5h216q46t6ab1neewvnwkf152q1niksp6rqyx
26449,111111,eyJhbGciOiJIUzI1NiJ9.eyJzdWIiOiJhdXRvbWF0aW9uLmV2ZW50Lm1hbmFnZXIuejByZ2xAeW9wbWFpbC5jb20iLCJtZXJjaGFudElkIjoyNjcwLCJleHAiOjE2OTM2NDg1MTAsImlhdCI6MTY5MzY0MTMxMCwidXNlcklkIjozMTYzLCJkZXZpY2VJZCI6ImF1dG9tYXRpb24tYzJmOS1CQzhQMVEtMDAxMi0wMDAwZjEyNDQyMjkifQ.Qzjg7Goe1n5sTqUax_p1snpRFr_WnCI1EJORANT2MIQ,automation.event.manager.z0rgl@yopmail.com,25963,automation-c2f9-BC8P1Q-0012-0000f1244229,auto1_c74ncw06kudwljn0agi7wj99p06p50ivnphayp09gd4bf5pdiwsju5tfymww7h
26447,111111,eyJhbGciOiJIUzI1NiJ9.eyJzdWIiOiJhdXRvbWF0aW9uLmV2ZW50Lm1hbmFnZXIuYmU0MHZAeW9wbWFpbC5jb20iLCJtZXJjaGFudElkIjoyNjcwLCJleHAiOjE2OTM2NDg1MDksImlhdCI6MTY5MzY0MTMwOSwidXNlcklkIjozMTYyLCJkZXZpY2VJZCI6ImF1dG9tYXRpb24tYzJmOS1CQzhQMVEtMDAxMi0wMDAwZjEyNDQyMzEifQ.F_2MaT2EuYKz2x1rVb54QprWSKQvSUmbWWbw27MeJ6Q,automation.event.manager.be40v@yopmail.com,25963,automation-c2f9-BC8P1Q-0012-0000f1244231,auto1_uhbdvulrt85dlmq1i2rowzicdvuxm4vlf666hsb0ka893xzihcxgywg6khggvu
26451,111111,eyJhbGciOiJIUzI1NiJ9.eyJzdWIiOiJhdXRvbWF0aW9uLmV2ZW50Lm1hbmFnZXIuazF3YTRAeW9wbWFpbC5jb20iLCJtZXJjaGFudElkIjoyNjcwLCJleHAiOjE2OTM2NDg1MTIsImlhdCI6MTY5MzY0MTMxMiwidXNlcklkIjozMTY2LCJkZXZpY2VJZCI6ImF1dG9tYXRpb24tYzJmOS1CQzhQMVEtMDAxMi0wMDAwZjEyNDQyMjYifQ.EksjC89DHlG3bapu4p-7UQwTSE6OgFLxSG0gTv2ZCKc,automation.event.manager.k1wa4@yopmail.com,25963,automation-c2f9-BC8P1Q-0012-0000f1244226,auto1_3q7vzqudlnisp23zvdg8k33poxfgjemezko0atjbgdruinnyaf6lrtmc79vjsc
26453,111111,eyJhbGciOiJIUzI1NiJ9.eyJzdWIiOiJhdXRvbWF0aW9uLmV2ZW50Lm1hbmFnZXIuc3NicTNAeW9wbWFpbC5jb20iLCJtZXJjaGFudElkIjoyNjcwLCJleHAiOjE2OTM2NDg1MTcsImlhdCI6MTY5MzY0MTMxNywidXNlcklkIjozMTY4LCJkZXZpY2VJZCI6ImF1dG9tYXRpb24tYzJmOS1CQzhQMVEtMDAxMi0wMDAwZjEyNDQyMjQifQ.Nh8dHojI_EoG7FfLhXffdABDyKmYVnP-UQBASZCbA5s,automation.event.manager.ssbq3@yopmail.com,25963,automation-c2f9-BC8P1Q-0012-0000f1244224,auto1_d8m33eb7e0vo6id1ccyrcu9ny2c1hakp6zt7oeh9rvo3nhgn3tcdltwn6wln1j
26452,111111,eyJhbGciOiJIUzI1NiJ9.eyJzdWIiOiJhdXRvbWF0aW9uLmV2ZW50Lm1hbmFnZXIuaTRud2tAeW9wbWFpbC5jb20iLCJtZXJjaGFudElkIjoyNjcwLCJleHAiOjE2OTM2NDg1MTYsImlhdCI6MTY5MzY0MTMxNiwidXNlcklkIjozMTY3LCJkZXZpY2VJZCI6ImF1dG9tYXRpb24tYzJmOS1CQzhQMVEtMDAxMi0wMDAwZjEyNDQyMjUifQ.IKIqy5RWDTdmt7J0MxHDP1jxr4Wpi--Bu4kIO7L3rAo,automation.event.manager.i4nwk@yopmail.com,25963,automation-c2f9-BC8P1Q-0012-0000f1244225,auto1_78fm60okf33kcm51y50083edxg9wxnnjigbcomln7xqtrbfx2xktvydm8zo6kx
26455,111111,eyJhbGciOiJIUzI1NiJ9.eyJzdWIiOiJhdXRvbWF0aW9uLmV2ZW50Lm1hbmFnZXIudnBlMHNAeW9wbWFpbC5jb20iLCJtZXJjaGFudElkIjoyNjcwLCJleHAiOjE2OTM2NDg1MTksImlhdCI6MTY5MzY0MTMxOSwidXNlcklkIjozMTcwLCJkZXZpY2VJZCI6ImF1dG9tYXRpb24tYzJmOS1CQzhQMVEtMDAxMi0wMDAwZjEyNDQyMjIifQ.dLaWcRsRASjmZdMhmcm3nmV_bjQRkRHgiZYCxipQ7LM,automation.event.manager.vpe0s@yopmail.com,25963,automation-c2f9-BC8P1Q-0012-0000f1244222,auto1_3560z86cbwkf9qg5o8dt3nx43ab4sutgmiruw88loa953c0b1d18qh6roe5sni
26454,111111,eyJhbGciOiJIUzI1NiJ9.eyJzdWIiOiJhdXRvbWF0aW9uLmV2ZW50Lm1hbmFnZXIud3p5bmNAeW9wbWFpbC5jb20iLCJtZXJjaGFudElkIjoyNjcwLCJleHAiOjE2OTM2NDg1MTcsImlhdCI6MTY5MzY0MTMxNywidXNlcklkIjozMTY5LCJkZXZpY2VJZCI6ImF1dG9tYXRpb24tYzJmOS1CQzhQMVEtMDAxMi0wMDAwZjEyNDQyMjMifQ.TxwJok9_oB3DV9hksXGRGsopHgT0k_vws_1plJfR-E8,automation.event.manager.wzync@yopmail.com,25963,automation-c2f9-BC8P1Q-0012-0000f1244223,auto1_bdcglywmiafpr65wg4n4er0toj1sok8mf5967649assp65j8im5yhjryx23x9d
