Auto Manager i2,usogg,auto.manager.i2.usogg@yopmail.com,Auto Manager i2 usogg,autoi2ov-fvjs-oqq7-zdqt-dnj59at9ub,autoi2_3x587rl7fcepix5jho3lbhagq889h6cjyfjna4o5kbpb1sxcufs712h
Auto Manager i2,b37na,auto.manager.i2.b37na@yopmail.com,Auto Manager i2 b37na,autoi2si-59zq-btha-hzys-6pmt1sgutm,autoi2_l8d3fod4uge5qwyh0pobtrzid5r4c4uemb1y01qpxbalabcxxyc8wq6
Auto Manager i2,0xctf,auto.manager.i2.0xctf@yopmail.com,Auto Manager i2 0xctf,autoi27f-lsr7-ox7u-npnb-nuttiidwmi,autoi2_56h2v5nkzzqbsuglkal4dbg0hlrv53v5zaz21ld1ucw7a82dic6mcry
Auto Manager i2,jxelq,auto.manager.i2.jxelq@yopmail.com,Auto Manager i2 jxelq,autoi2vd-ih2s-h9rr-qpea-5aitq3l35d,autoi2_5lvl49abvksnulhf1g7haica4k81oc1j4p5rpmtf2plgwm06whb31io
Auto Manager i2,rrmad,auto.manager.i2.rrmad@yopmail.com,Auto Manager i2 rrmad,autoi2ov-wz0e-81dg-rkyi-hcqq3aa7rv,autoi2_5zf74s4z88t2b47llr42d55pqwvcd1bo9jvsh4l5kj9rbkoytjdzzmk
Auto Manager i2,vpsdq,auto.manager.i2.vpsdq@yopmail.com,Auto Manager i2 vpsdq,autoi2ka-ds87-xj0p-vjiz-ft0vxukolu,autoi2_4c94oobwr66sneud1iq9t0249lx088n9w11vvow6w312kh79mphq5j1
Auto Manager i2,nman8,auto.manager.i2.nman8@yopmail.com,Auto Manager i2 nman8,autoi2hi-z4kt-pseq-nbkc-fl3iazan1a,autoi2_fo940yuog9nmd25cz1kv31t2puusqvmet8snh4wjhshmgq8qlptr6pi
Auto Manager i2,5zi3u,auto.manager.i2.5zi3u@yopmail.com,Auto Manager i2 5zi3u,autoi2gy-bcv0-ofjr-tbvx-82wf1ydzzd,autoi2_1iqq88ku8l9u8k6uqujpc8dcd0x6g66y942zpi7z1q7973ba2b82g37
Auto Manager i2,2ond0,auto.manager.i2.2ond0@yopmail.com,Auto Manager i2 2ond0,autoi276-mt6g-6l4a-rrvz-w5fzj6nl54,autoi2_2zcrzyvuy8zgc659t0l9ni9w8epnh58mbtm5cwg2zarg6bkoj5owtak
Auto Manager i2,qz19r,auto.manager.i2.qz19r@yopmail.com,Auto Manager i2 qz19r,autoi2ze-yope-glh3-hlot-i1lgny6lxq,autoi2_hr4zi9rui6h2vda938o7ep0padgvqyi3tvei42jyi9oytkne623s9y2
Auto Manager i2,t14v7,auto.manager.i2.t14v7@yopmail.com,Auto Manager i2 t14v7,autoi24i-ht2v-0ppx-djmc-mkqazh4c2s,autoi2_g4y2sn918ybcsawrfqxw5z7kepvervy8o8pwamv7ilvg6jx67mght7w
Auto Manager i2,qvmrj,auto.manager.i2.qvmrj@yopmail.com,Auto Manager i2 qvmrj,autoi2xj-b0vp-ry6y-roac-vya8wqj3ys,autoi2_zvq7foxooh3tj199t8baodmmfk3zgrl9uo840dutc5mag9oli1el62u
Auto Manager i2,ixx5b,auto.manager.i2.ixx5b@yopmail.com,Auto Manager i2 ixx5b,autoi2te-8y4o-a2ue-menc-k0v0dm28qp,autoi2_qaljaa5xh3y4hc1y229ib71jo7z2lrbksvflvu5gh3l0xy3jxd1r829
Auto Manager i2,gbra0,auto.manager.i2.gbra0@yopmail.com,Auto Manager i2 gbra0,autoi20a-8tyj-e88d-sprz-lcgddmwpwx,autoi2_5ihitwsiujtdy8h09gek8n96x4nf83xqddn943hi6nauk5fvyguw9pa
Auto Manager i2,yhnb1,auto.manager.i2.yhnb1@yopmail.com,Auto Manager i2 yhnb1,autoi2ft-ku11-bckq-hkoq-b1zg48v9yn,autoi2_ylg7h2nur13sc74bwqjaxhmmfqfk9nebxqvr3mqcfhf8n4h2rxjardc
Auto Manager i2,cjk76,auto.manager.i2.cjk76@yopmail.com,Auto Manager i2 cjk76,autoi2qc-itkv-9kr9-jzep-iu9ra9kibu,autoi2_ubbj4kt0sm453ilbtbr6pobk0niiygie3fvzefjpnnwlzvx8mafvd11
Auto Manager i2,hf361,auto.manager.i2.hf361@yopmail.com,Auto Manager i2 hf361,autoi2vv-7b2p-fjc4-glcu-1xb00ogj9l,autoi2_fbsajx5tczmyx0qu88a89m2tbu9m3lg4mqe0tqd6jhf7wjmpbml3mbh
Auto Manager i2,d8aam,auto.manager.i2.d8aam@yopmail.com,Auto Manager i2 d8aam,autoi2el-ml7x-ruf1-edcv-gaqoktoc6c,autoi2_fixogintnj5z5jnl3hzim8slgcneav3br1bi8k5lw88g5r55n281df7
Auto Manager i2,9lssq,auto.manager.i2.9lssq@yopmail.com,Auto Manager i2 9lssq,autoi2kx-sos6-suwj-uqun-3t8yt70dak,autoi2_i7uv35ualwikyovv8nzo2jkh2gasx6j6n4anwa9a9qtbnwcrpwn0t7p
Auto Manager i2,axkyh,auto.manager.i2.axkyh@yopmail.com,Auto Manager i2 axkyh,autoi24c-nr6i-b5hn-vxii-aroefwerm8,autoi2_umyc0j629jqulzp6cz64x5zg9a5q3u2dtue6jgomj79rjgbjctvla9u