Auto Manager s1,usogg,auto.manager.s1.usogg@yopmail.com,Auto Manager s1 usogg,autos1ov-fvjs-oqq7-zdqt-dnj59at9ub,autos1_3x587rl7fcepix5jho3lbhagq889h6cjyfjna4o5kbpb1sxcufs712h
Auto Manager s1,b37na,auto.manager.s1.b37na@yopmail.com,Auto Manager s1 b37na,autos1si-59zq-btha-hzys-6pmt1sgutm,autos1_l8d3fod4uge5qwyh0pobtrzid5r4c4uemb1y01qpxbalabcxxyc8wq6
Auto Manager s1,0xctf,auto.manager.s1.0xctf@yopmail.com,Auto Manager s1 0xctf,autos17f-lsr7-ox7u-npnb-nuttiidwmi,autos1_56h2v5nkzzqbsuglkal4dbg0hlrv53v5zaz21ld1ucw7a82dic6mcry
Auto Manager s1,jxelq,auto.manager.s1.jxelq@yopmail.com,Auto Manager s1 jxelq,autos1vd-ih2s-h9rr-qpea-5aitq3l35d,autos1_5lvl49abvksnulhf1g7haica4k81oc1j4p5rpmtf2plgwm06whb31io
Auto Manager s1,rrmad,auto.manager.s1.rrmad@yopmail.com,Auto Manager s1 rrmad,autos1ov-wz0e-81dg-rkyi-hcqq3aa7rv,autos1_5zf74s4z88t2b47llr42d55pqwvcd1bo9jvsh4l5kj9rbkoytjdzzmk
Auto Manager s1,vpsdq,auto.manager.s1.vpsdq@yopmail.com,Auto Manager s1 vpsdq,autos1ka-ds87-xj0p-vjiz-ft0vxukolu,autos1_4c94oobwr66sneud1iq9t0249lx088n9w11vvow6w312kh79mphq5j1
Auto Manager s1,nman8,auto.manager.s1.nman8@yopmail.com,Auto Manager s1 nman8,autos1hi-z4kt-pseq-nbkc-fl3iazan1a,autos1_fo940yuog9nmd25cz1kv31t2puusqvmet8snh4wjhshmgq8qlptr6pi
Auto Manager s1,5zi3u,auto.manager.s1.5zi3u@yopmail.com,Auto Manager s1 5zi3u,autos1gy-bcv0-ofjr-tbvx-82wf1ydzzd,autos1_1iqq88ku8l9u8k6uqujpc8dcd0x6g66y942zpi7z1q7973ba2b82g37
Auto Manager s1,2ond0,auto.manager.s1.2ond0@yopmail.com,Auto Manager s1 2ond0,autos176-mt6g-6l4a-rrvz-w5fzj6nl54,autos1_2zcrzyvuy8zgc659t0l9ni9w8epnh58mbtm5cwg2zarg6bkoj5owtak
Auto Manager s1,qz19r,auto.manager.s1.qz19r@yopmail.com,Auto Manager s1 qz19r,autos1ze-yope-glh3-hlot-i1lgny6lxq,autos1_hr4zi9rui6h2vda938o7ep0padgvqyi3tvei42jyi9oytkne623s9y2
Auto Manager s1,t14v7,auto.manager.s1.t14v7@yopmail.com,Auto Manager s1 t14v7,autos14i-ht2v-0ppx-djmc-mkqazh4c2s,autos1_g4y2sn918ybcsawrfqxw5z7kepvervy8o8pwamv7ilvg6jx67mght7w
Auto Manager s1,qvmrj,auto.manager.s1.qvmrj@yopmail.com,Auto Manager s1 qvmrj,autos1xj-b0vp-ry6y-roac-vya8wqj3ys,autos1_zvq7foxooh3tj199t8baodmmfk3zgrl9uo840dutc5mag9oli1el62u
Auto Manager s1,ixx5b,auto.manager.s1.ixx5b@yopmail.com,Auto Manager s1 ixx5b,autos1te-8y4o-a2ue-menc-k0v0dm28qp,autos1_qaljaa5xh3y4hc1y229ib71jo7z2lrbksvflvu5gh3l0xy3jxd1r829
Auto Manager s1,gbra0,auto.manager.s1.gbra0@yopmail.com,Auto Manager s1 gbra0,autos10a-8tyj-e88d-sprz-lcgddmwpwx,autos1_5ihitwsiujtdy8h09gek8n96x4nf83xqddn943hi6nauk5fvyguw9pa
Auto Manager s1,yhnb1,auto.manager.s1.yhnb1@yopmail.com,Auto Manager s1 yhnb1,autos1ft-ku11-bckq-hkoq-b1zg48v9yn,autos1_ylg7h2nur13sc74bwqjaxhmmfqfk9nebxqvr3mqcfhf8n4h2rxjardc
Auto Manager s1,cjk76,auto.manager.s1.cjk76@yopmail.com,Auto Manager s1 cjk76,autos1qc-itkv-9kr9-jzep-iu9ra9kibu,autos1_ubbj4kt0sm453ilbtbr6pobk0niiygie3fvzefjpnnwlzvx8mafvd11
Auto Manager s1,hf361,auto.manager.s1.hf361@yopmail.com,Auto Manager s1 hf361,autos1vv-7b2p-fjc4-glcu-1xb00ogj9l,autos1_fbsajx5tczmyx0qu88a89m2tbu9m3lg4mqe0tqd6jhf7wjmpbml3mbh
Auto Manager s1,d8aam,auto.manager.s1.d8aam@yopmail.com,Auto Manager s1 d8aam,autos1el-ml7x-ruf1-edcv-gaqoktoc6c,autos1_fixogintnj5z5jnl3hzim8slgcneav3br1bi8k5lw88g5r55n281df7
Auto Manager s1,9lssq,auto.manager.s1.9lssq@yopmail.com,Auto Manager s1 9lssq,autos1kx-sos6-suwj-uqun-3t8yt70dak,autos1_i7uv35ualwikyovv8nzo2jkh2gasx6j6n4anwa9a9qtbnwcrpwn0t7p
Auto Manager s1,axkyh,auto.manager.s1.axkyh@yopmail.com,Auto Manager s1 axkyh,autos14c-nr6i-b5hn-vxii-aroefwerm8,autos1_umyc0j629jqulzp6cz64x5zg9a5q3u2dtue6jgomj79rjgbjctvla9u